时间,上行PRB平均利用率,下行PRB平均利用率,无线利用率,RRC连接最大数,RRC连接平均数,有效RRC连接最大数,有效RRC连接平均数,eNB间X2切换出请求次数,eNB间X2切换出成功次数,空口上行业务字节数,空口下行业务字节数
2018/3/12 0:00,0.0038,0.0062,0.0058,4,0.25,2,0.097375,0,0,1709,14814
2018/3/12 1:00,0.0028,0.0055,0.005,3,0,2,0.0729,4,0,975,1381
2018/3/12 2:00,0.0026,0.0054,0.0049,2,0,2,0.068575,0,0,966,1456
2018/3/12 3:00,0.0034,0.0059,0.0054,2,0,2,0.084325,1,0,1150,3068
2018/3/12 4:00,0.0043,0.0088,0.008,3,0.5,3,0.09635,0,0,1481,15885
2018/3/12 5:00,0.0036,0.0058,0.0055,3,0.25,2,0.08375,0,0,1333,2931
2018/3/12 6:00,0.0054,0.0116,0.0105,3,0.75,2,0.13575,3,3,2373,101663
2018/3/12 7:00,0.0294,0.085,0.0752,6,2.75,4,0.4634,15,15,11518,232069
2018/3/12 8:00,0.0098,0.0083,0.0085,7,2,3,0.177625,34,33,2559,12324
2018/3/12 9:00,0.0066,0.0078,0.0076,6,1.5,3,0.130525,18,12,1816,10529
2018/3/12 10:00,0.0045,0.0072,0.0067,5,0.25,3,0.086525,15,13,1380,7934
2018/3/12 11:00,0.0078,0.0214,0.019,5,1,4,0.186325,40,39,2992,62978
2018/3/12 12:00,0.0217,0.0121,0.0138,6,2.25,5,0.370275,117,117,12150,23219
2018/3/12 13:00,0.0222,0.0179,0.0186,8,3.25,4,0.407675,41,39,7872,126558
2018/3/12 14:00,0.0237,0.0314,0.03,9,2.5,4,0.401575,37,36,12755,227052
2018/3/12 15:00,0.0153,0.0155,0.0155,6,1.75,3,0.230425,59,57,4846,43427
2018/3/12 16:00,0.0097,0.0119,0.0115,7,1.75,4,0.218175,33,30,3451,73121
2018/3/12 17:00,0.0083,0.012,0.0113,6,1.25,3,0.141325,9,8,5277,30831
2018/3/12 18:00,0.0487,0.0535,0.0527,6,1.5,4,0.4043,43,40,51263,139987
2018/3/12 19:00,0.0197,0.0272,0.0258,9,2.75,4,0.358,47,46,7994,74110
2018/3/12 20:00,0.0497,0.058,0.0565,9,3.75,5,0.670725,58,55,18479,323127
2018/3/12 21:00,0.0498,0.0781,0.0731,8,4.25,6,0.8774,52,51,22172,496864
2018/3/12 22:00,0.0392,0.0369,0.0373,6,2.5,4,0.90375,17,17,23935,259014
2018/3/12 23:00,0.0061,0.007,0.0068,4,0.75,2,0.2289,5,1,2206,10213
2018/3/13 0:00,0.0056,0.0081,0.0077,4,0.5,3,0.122075,7,0,2004,26390
2018/3/13 1:00,0.0037,0.0073,0.0067,3,0,3,0.08435,0,0,1450,13356
2018/3/13 2:00,0.0025,0.0054,0.0049,2,0,2,0.06815,0,0,974,1436
2018/3/13 3:00,0.0025,0.0054,0.0049,3,0,2,0.067075,0,0,975,1438
2018/3/13 4:00,0.0026,0.0054,0.0049,3,0,2,0.069525,0,0,1019,1565
2018/3/13 5:00,0.0034,0.0077,0.007,3,0.25,2,0.088225,0,0,1705,42381
2018/3/13 6:00,0.0056,0.0112,0.0102,3,0.25,3,0.107775,4,4,2100,50823
2018/3/13 7:00,0.0102,0.0088,0.009,6,1.75,3,0.218275,26,23,3214,17242
2018/3/13 8:00,0.0104,0.0111,0.011,6,2,3,0.206525,12,9,4612,76100
2018/3/13 9:00,0.0182,0.018,0.0181,6,2,4,0.2682,26,21,5850,41637
2018/3/13 10:00,0.0077,0.0079,0.0079,6,1.75,4,0.203075,16,10,1816,10290
2018/3/13 11:00,0.0067,0.0085,0.0081,6,1.5,3,0.1432,19,16,2188,18033
2018/3/13 12:00,0.0122,0.0122,0.0122,6,1.75,3,0.2808,45,42,2945,31932
2018/3/13 13:00,0.0176,0.0108,0.012,8,3,4,0.278375,33,32,12203,23797
2018/3/13 14:00,0.0272,0.021,0.0221,6,2,4,0.315075,31,30,37327,25521
2018/3/13 15:00,0.0174,0.0184,0.0182,7,2.5,3,0.3549,22,20,11641,23667
2018/3/13 16:00,0.0052,0.0068,0.0066,3,0.5,2,0.098225,37,37,2802,3492
2018/3/13 17:00,0.0111,0.0158,0.015,5,1.5,3,0.3549,15,13,4474,55898
2018/3/13 18:00,0.0159,0.0157,0.0157,6,1.25,3,0.21245,66,63,8110,58776
2018/3/13 19:00,0.0304,0.0207,0.0225,6,2,4,0.6017,58,58,8223,107727
2018/3/13 20:00,0.1023,0.0341,0.0461,8,3.75,6,1.3286,104,99,48547,127220
2018/3/13 21:00,0.0485,0.0281,0.0317,8,3.75,5,1.068225,49,49,29544,75521
2018/3/13 22:00,0.0232,0.0295,0.0284,7,2,5,0.409075,25,25,8605,161200
2018/3/13 23:00,0.0519,0.0063,0.0144,4,0.5,3,0.21605,17,17,29436,5224
2018/3/14 0:00,0.0022,0.0054,0.0049,3,0,2,0.0505,0,0,598,982
2018/3/14 1:00,0.002,0.0054,0.0048,3,0,2,0.0479,0,0,547,800
2018/3/14 2:00,0.0021,0.0054,0.0048,3,0,2,0.05035,0,0,609,889
2018/3/14 3:00,0.0019,0.0054,0.0048,3,0,2,0.0457,0,0,541,801
2018/3/14 4:00,0.0021,0.0054,0.0048,3,0,2,0.05095,0,0,613,903
2018/3/14 5:00,0.0025,0.0057,0.0051,3,0,2,0.056975,0,0,770,1650
2018/3/14 6:00,0.0122,0.0075,0.0084,4,1,3,0.14055,11,11,5443,11227
2018/3/14 7:00,0.0105,0.0089,0.0092,6,1.5,4,0.2039,31,29,3482,22869
2018/3/14 8:00,0.0258,0.0098,0.0127,6,2,3,0.408025,14,11,25400,24178
2018/3/14 9:00,0.0077,0.0105,0.01,6,1.25,3,0.17165,31,28,2729,66572
2018/3/14 10:00,0.007,0.0089,0.0086,6,1.25,3,0.150225,69,64,3384,26008
2018/3/14 11:00,0.0157,0.0129,0.0134,7,2.25,4,0.359675,49,47,6884,88571
2018/3/14 12:00,0.0288,0.0371,0.0356,7,2.75,5,0.660375,53,52,14993,306115
2018/3/14 13:00,0.0477,0.0405,0.0418,7,2.5,4,0.575775,38,35,24297,234127
2018/3/14 14:00,0.031,0.0219,0.0235,8,2.75,5,0.49645,24,21,13897,98508
2018/3/14 15:00,0.0239,0.0239,0.0239,7,3.25,5,0.63705,53,51,8315,189127
2018/3/14 16:00,0.0095,0.0138,0.0131,5,1.25,4,0.17775,37,32,3048,26689
2018/3/14 17:00,0.0116,0.0181,0.0169,5,1.75,3,0.269975,20,18,4698,215177
2018/3/14 18:00,0.0225,0.0263,0.0256,7,2.75,4,0.49905,38,36,6606,295228
2018/3/14 19:00,0.0439,0.0399,0.0407,9,3.75,5,0.73655,79,79,18795,297800
2018/3/14 20:00,0.0555,0.0272,0.0322,9,4.25,4,0.690125,71,69,36091,159359
2018/3/14 21:00,0.0897,0.0518,0.0585,9,4,5,0.744575,37,35,46128,226261
2018/3/14 22:00,0.0209,0.0261,0.0252,6,1.75,5,0.3439,5,5,7201,52192
2018/3/14 23:00,0.0304,0.0087,0.0125,5,1.75,3,0.239675,25,19,14761,8207
2018/3/15 0:00,0.0059,0.0064,0.0063,4,1.5,3,0.129075,43,38,1393,1905
2018/3/15 1:00,0.0043,0.0064,0.006,4,1,2,0.10225,30,23,1302,2461
2018/3/15 2:00,0.0039,0.0061,0.0057,3,0.75,2,0.088725,14,0,1073,1391
2018/3/15 3:00,0.0032,0.0057,0.0052,3,0.5,2,0.07675,12,0,1021,1590
2018/3/15 4:00,0.0028,0.0056,0.0051,3,0.25,2,0.07315,1,0,941,1399
2018/3/15 5:00,0.0027,0.0055,0.005,2,0,2,0.071975,0,0,1111,1657
2018/3/15 6:00,0.0174,0.0482,0.0427,4,1.5,3,0.304375,8,3,8021,446394
2018/3/15 7:00,0.0187,0.0356,0.0326,8,2.5,4,0.3504,21,19,7739,371353
2018/3/15 8:00,0.0122,0.0116,0.0117,7,2.25,4,0.27985,29,29,4264,55851
2018/3/15 9:00,0.0115,0.0188,0.0175,6,1.5,3,0.24055,51,50,5066,154530
2018/3/15 10:00,0.0105,0.0115,0.0113,4,1.5,3,0.223675,19,19,3332,27266
2018/3/15 11:00,0.0074,0.007,0.0071,5,2,3,0.186475,29,28,1607,9182
2018/3/15 12:00,0.0121,0.0139,0.0136,6,1.5,3,0.2117,42,40,5515,71392
2018/3/15 13:00,0.0354,0.018,0.0211,5,1.25,4,0.316225,34,32,29562,60436
2018/3/15 14:00,0.0054,0.0071,0.0068,4,0.75,3,0.147425,41,38,1789,12067
2018/3/15 15:00,0.0034,0.0064,0.0058,4,0,2,0.0611,34,33,723,1417
2018/3/15 16:00,0.0053,0.0128,0.0115,4,0.25,2,0.092225,19,16,4234,145910
2018/3/15 17:00,0.0096,0.0189,0.0173,4,1.5,3,0.234225,18,14,3938,240331
2018/3/15 18:00,0.0131,0.0182,0.0173,6,2,3,0.269425,33,29,6249,200509
2018/3/15 19:00,0.0117,0.0101,0.0104,5,1.5,4,0.28125,46,40,4867,36532
2018/3/15 20:00,0.0401,0.031,0.0326,7,3.75,5,0.663825,47,45,20570,171394
2018/3/15 21:00,0.0381,0.0501,0.048,7,3.5,5,0.522625,65,63,20021,279487
2018/3/15 22:00,0.0243,0.0156,0.0171,6,2,4,0.3456,49,45,9453,67080
2018/3/15 23:00,0.0026,0.0055,0.005,3,0,2,0.071375,0,0,1036,1598
2018/3/16 0:00,0.0027,0.0055,0.005,2,0,2,0.073325,0,0,1040,1858
2018/3/16 1:00,0.0064,0.0075,0.0073,4,1,2,0.14375,14,7,2386,19459
2018/3/16 2:00,0.005,0.0058,0.0057,3,0.5,3,0.099975,29,0,1363,1262
2018/3/16 3:00,0.0035,0.0057,0.0053,3,0.75,2,0.07685,9,0,885,906
2018/3/16 4:00,0.0037,0.0058,0.0054,3,0.5,2,0.082275,29,12,1025,1115
2018/3/16 5:00,0.0063,0.0072,0.007,3,0.5,2,0.097175,14,11,1904,17218
2018/3/16 6:00,0.0092,0.0219,0.0196,4,1,3,0.22415,12,12,3906,244464
2018/3/16 7:00,0.0244,0.0374,0.0351,6,2,4,0.362925,44,41,7280,237011
2018/3/16 8:00,0.0089,0.01,0.0098,6,1.5,3,0.20475,44,43,2572,40485
2018/3/16 9:00,0.0207,0.0155,0.0164,6,1.5,3,0.2774,47,46,20568,40868
2018/3/16 10:00,0.0048,0.0085,0.0078,3,0.75,2,0.140075,27,26,1797,28265
2018/3/16 11:00,0.0094,0.0249,0.0221,4,1,3,0.195575,36,34,4723,323533
2018/3/16 12:00,0.0043,0.0157,0.0137,4,0.25,3,0.061675,20,17,687,7287
2018/3/16 13:00,0.0136,0.0103,0.0109,5,0.75,2,0.132175,29,24,4930,18812
2018/3/16 14:00,0.0186,0.0164,0.0168,4,0.75,3,0.18205,23,22,10316,29118
2018/3/16 15:00,0.0089,0.0093,0.0092,4,1,3,0.4836,17,16,3286,7464
2018/3/16 16:00,0.0124,0.007,0.0079,5,1.5,3,0.995475,16,12,5524,5314
2018/3/16 17:00,0.0112,0.0084,0.0089,7,1.5,3,0.21735,43,43,5148,15998
2018/3/16 18:00,0.0256,0.0144,0.0164,8,3.75,5,0.444425,51,50,9735,50472
2018/3/16 19:00,0.0528,0.0188,0.0248,9,5.25,5,0.89735,68,68,32440,75437
2018/3/16 20:00,0.0613,0.0405,0.0442,12,6,6,1.26845,94,92,24165,189709
2018/3/16 21:00,0.0671,0.0545,0.0567,9,4.75,5,1.133275,44,39,22592,179448
2018/3/16 22:00,0.0256,0.0312,0.0302,7,2.25,4,0.376,13,13,7284,62720
2018/3/16 23:00,0.0074,0.0077,0.0076,5,1,3,0.144775,20,20,1564,5143
2018/3/17 0:00,0.0052,0.0063,0.0061,4,1,2,0.1217,24,13,1338,2156
2018/3/17 1:00,0.005,0.0059,0.0057,4,1.25,3,0.108975,17,10,1438,2470
2018/3/17 2:00,0.004,0.006,0.0056,3,0.75,2,0.08605,0,0,1089,2015
2018/3/17 3:00,0.004,0.0057,0.0054,4,0.75,2,0.085875,2,1,1091,1473
2018/3/17 4:00,,,,0,0,0,0,0,0,0,0
2018/3/17 5:00,0.0012,0.0052,0.0045,2,0,2,0.0175,0,0,79,129
2018/3/17 6:00,0.0018,0.0105,0.009,3,0,2,0.03285,2,1,622,23871
2018/3/17 7:00,0.0127,0.0284,0.0256,4,1,3,0.2828,19,19,2570,100220
2018/3/17 8:00,0.0137,0.0088,0.0096,5,1,4,0.175625,36,33,11740,24825
2018/3/17 9:00,0.006,0.007,0.0068,3,0.5,2,0.10285,20,16,3071,28639
2018/3/17 10:00,0.0079,0.0112,0.0106,5,0.75,4,0.1599,49,48,2711,33430
2018/3/17 11:00,0.004,0.0064,0.0059,5,0.5,3,0.07715,24,22,2321,10942
2018/3/17 12:00,0.0411,0.0273,0.0298,6,1,4,0.28695,45,40,21484,75582
2018/3/17 13:00,0.0341,0.0763,0.0688,6,2.25,4,0.37085,17,13,14571,49800
2018/3/17 14:00,0.0254,0.0186,0.0198,7,2.5,4,0.318175,19,17,11537,29428
2018/3/17 15:00,0.0089,0.0106,0.0103,8,2,3,0.209175,39,38,5161,69237
2018/3/17 16:00,0.0103,0.0162,0.0152,6,1.25,3,0.18755,38,35,1448,34845
2018/3/17 17:00,0.024,0.0276,0.027,6,3,4,0.5317,24,18,9089,373344
2018/3/17 18:00,0.0264,0.0325,0.0314,8,4.25,5,0.6161,22,22,13024,467884
2018/3/17 19:00,0.0256,0.0243,0.0245,9,4,4,0.438175,45,45,22581,104392
2018/3/17 20:00,0.0849,0.0366,0.0451,9,4.5,6,0.9732,45,45,52282,148412
2018/3/17 21:00,0.0368,0.0235,0.0259,11,4.25,5,0.534475,54,54,19078,93463
2018/3/17 22:00,0.0476,0.0513,0.0507,8,4,5,0.779775,13,13,13031,150623
2018/3/17 23:00,0.0431,0.0349,0.0363,7,3,4,0.8564,5,5,16022,408742
2018/3/18 0:00,0.02,0.0399,0.0364,6,2.25,4,0.379025,2,0,10396,314724
2018/3/18 1:00,0.0158,0.0128,0.0133,4,1,3,0.1956,0,0,6510,10636
2018/3/18 2:00,0.0089,0.0116,0.0112,4,1,3,0.1582,0,0,2722,6562
2018/3/18 3:00,0.0064,0.0088,0.0084,4,1,3,0.138025,0,0,2304,20558
2018/3/18 4:00,0.0034,0.0052,0.0049,4,1,2,0.086525,1,1,1099,1659
2018/3/18 5:00,0.0036,0.0053,0.005,5,1,2,0.090325,0,0,946,1689
2018/3/18 6:00,0.0114,0.0096,0.0099,4,1.25,3,0.1973,2,1,3257,60887
2018/3/18 7:00,0.0412,0.0231,0.0263,7,3,4,0.393525,48,48,25086,113746
2018/3/18 8:00,0.0236,0.0321,0.0306,8,3,4,0.3991,32,30,11187,302463
2018/3/18 9:00,0.0076,0.0118,0.0111,4,0.25,3,0.1209,31,31,3495,89514
2018/3/18 10:00,0.0152,0.0225,0.0212,5,1,3,0.20085,26,23,15149,258628
2018/3/18 11:00,0.0129,0.0366,0.0324,6,2.25,4,0.26575,29,26,8404,474174
2018/3/18 12:00,0.0394,0.0296,0.0313,7,3.25,4,0.420075,38,36,22464,292629
2018/3/18 13:00,0.0352,0.0194,0.0222,8,3,4,0.3164,35,33,27406,130868
2018/3/18 14:00,0.0199,0.0199,0.0199,9,4,5,0.359725,38,36,9870,52392
2018/3/18 15:00,0.0301,0.0377,0.0363,9,4,5,0.545,57,57,19238,348646
2018/3/18 16:00,0.0463,0.0373,0.0389,11,4,5,0.579675,61,60,32228,334275
2018/3/18 17:00,0.0296,0.0557,0.0511,9,3.75,4,0.4736,37,33,13047,368218
2018/3/18 18:00,0.0193,0.0519,0.0461,9,3.75,4,0.36395,67,64,9018,396804
2018/3/18 19:00,0.0398,0.0633,0.0591,14,4.5,6,0.61435,77,77,18208,492021
2018/3/18 20:00,0.0318,0.0338,0.0335,12,5,6,0.500025,37,33,15214,214922
2018/3/18 21:00,0.0344,0.0629,0.0579,12,4.5,6,0.544675,72,72,15325,473964
2018/3/18 22:00,0.0494,0.0981,0.0895,11,4,5,0.658725,8,5,31627,1143191
2018/3/18 23:00,0.0256,0.0657,0.0586,9,3,4,0.406325,14,11,28362,1164061
2018/3/19 0:00,0.0356,0.0309,0.0318,8,2.25,4,0.3718,9,8,55127,421773
2018/3/19 1:00,0.0097,0.0264,0.0235,6,1.75,3,0.18715,21,14,8600,438299
2018/3/19 2:00,0.0045,0.0063,0.006,6,1.25,3,0.097925,11,4,1080,4419
2018/3/19 3:00,0.0049,0.0068,0.0065,5,1,3,0.098075,5,2,1051,4276
2018/3/19 4:00,0.0059,0.0058,0.0059,6,1.5,3,0.11545,1,1,1613,4259
2018/3/19 5:00,0.006,0.0062,0.0062,5,1.25,3,0.112925,0,0,1812,6169
2018/3/19 6:00,0.0046,0.0065,0.0062,7,1.25,3,0.096875,2,2,1341,4358
2018/3/19 7:00,0.0167,0.0264,0.0247,9,3.25,5,0.3162,36,35,7488,65788
2018/3/19 8:00,0.0251,0.0127,0.0149,9,2.75,6,0.583375,65,65,16261,45035
2018/3/19 9:00,0.0598,0.0445,0.0472,8,3.5,5,0.67925,53,51,31572,192121
2018/3/19 10:00,0.0268,0.0318,0.0309,7,2.25,4,0.403375,42,37,13451,363348
2018/3/19 11:00,0.047,0.0326,0.0351,9,3.25,5,0.4512,22,16,26362,455572
2018/3/19 12:00,0.0309,0.0398,0.0383,11,4.25,5,0.5469,46,43,13334,416565
2018/3/19 13:00,0.0261,0.0338,0.0325,8,3,4,0.4139,30,28,14913,426499
2018/3/19 14:00,0.0172,0.0338,0.0308,6,2.5,4,0.327625,13,11,5799,228567
2018/3/19 15:00,0.0148,0.0162,0.016,6,2.25,3,0.2704,20,18,5048,167936
2018/3/19 16:00,0.0497,0.0357,0.0382,8,3.5,5,0.70335,8,7,19489,126906
2018/3/19 17:00,0.0186,0.0175,0.0177,9,3.25,4,0.5081,6,4,6563,180091
2018/3/19 18:00,0.0221,0.0267,0.0259,12,4,6,0.4719,8,7,8904,289855
2018/3/19 19:00,0.0321,0.0718,0.0648,9,4.25,5,0.595375,52,50,25861,1327719
2018/3/19 20:00,0.0811,0.1188,0.1122,13,6,7,1.20705,99,96,48540,1771384
2018/3/19 21:00,0.0964,0.0513,0.0592,12,4.5,7,1.481325,42,41,43305,154993
2018/3/19 22:00,0.0316,0.0198,0.0219,8,3,5,0.6196,25,22,10473,80248
2018/3/19 23:00,0.0065,0.0085,0.0082,5,1,3,0.1032,9,9,1331,42208
2018/3/20 0:00,0.0031,0.0054,0.005,5,1,2,0.063025,38,32,359,355
2018/3/20 1:00,0.0043,0.0066,0.0062,4,1,2,0.077225,11,2,602,9789
2018/3/20 2:00,0.0116,0.0167,0.0158,6,1.5,3,0.1865,9,9,2258,29207
2018/3/20 3:00,0.0084,0.0094,0.0092,4,1.5,3,0.1363,10,5,1712,27917
2018/3/20 4:00,0.0125,0.0094,0.0099,6,1.25,3,0.147,16,16,3835,7337
2018/3/20 5:00,0.0023,0.0053,0.0048,4,1,2,0.05105,5,5,226,225
2018/3/20 6:00,0.017,0.0132,0.0138,7,2.5,4,0.373725,49,38,3453,35241
2018/3/20 7:00,0.0253,0.0171,0.0186,9,4,5,0.43455,26,22,7466,166427
2018/3/20 8:00,0.0288,0.0216,0.0229,9,4,5,0.43515,47,42,10458,172046
2018/3/20 9:00,0.0252,0.0297,0.0289,9,4,5,0.47645,9,6,10484,305130
2018/3/20 10:00,0.0339,0.0293,0.0301,9,4.25,5,0.506,37,36,15850,267704
2018/3/20 11:00,0.0195,0.0266,0.0253,7,3.75,4,0.43885,22,19,10598,344083
2018/3/20 12:00,0.0617,0.042,0.0455,11,4.5,5,0.83195,22,22,45862,226478
2018/3/20 13:00,0.0109,0.0077,0.0083,8,2,4,0.249975,36,36,3631,13582
2018/3/20 14:00,0.0119,0.0179,0.0168,6,2.25,3,0.226275,23,19,3537,44731
2018/3/20 15:00,0.0138,0.0116,0.012,5,1.25,3,0.24445,19,16,8618,29521
2018/3/20 16:00,0.0195,0.0174,0.0178,4,1,3,0.384475,10,8,12000,193875
2018/3/20 17:00,0.0193,0.0145,0.0154,7,2,4,0.313975,28,24,9174,44999
2018/3/20 18:00,0.1244,0.0253,0.0427,8,3.25,5,0.76805,39,35,73976,161141
2018/3/20 19:00,0.0577,0.0376,0.0411,7,3,5,0.575725,92,91,37551,232370
2018/3/20 20:00,0.0654,0.0789,0.0765,9,5,6,1.164425,65,65,39040,530745
2018/3/20 21:00,0.0622,0.0938,0.0882,12,6,7,1.34435,19,19,19976,328800
2018/3/20 22:00,0.029,0.0287,0.0288,8,3,4,0.5069,23,19,7494,88133
2018/3/20 23:00,0.0059,0.012,0.0109,5,1,2,0.099225,5,1,1032,14218
2018/3/21 0:00,0.0032,0.0072,0.0065,4,0.25,2,0.067275,16,9,777,4359
2018/3/21 1:00,0.0053,0.0192,0.0168,4,0.25,2,0.100425,0,0,3483,104625
2018/3/21 2:00,0.0082,0.0408,0.035,3,1,3,0.168575,9,0,6002,320867
2018/3/21 3:00,0.0123,0.0531,0.0459,4,1,3,0.207475,6,0,12625,653783
2018/3/21 4:00,0.0053,0.0121,0.0109,4,0.5,3,0.091475,7,0,1662,5516
2018/3/21 5:00,0.0035,0.0055,0.0051,4,1,2,0.08105,16,5,998,1804
2018/3/21 6:00,0.0103,0.0121,0.0118,5,1.5,3,0.192675,8,2,2934,72129
2018/3/21 7:00,0.0154,0.0243,0.0227,7,2.5,4,0.354125,15,15,7613,285047
2018/3/21 8:00,0.0268,0.0235,0.0241,7,3.25,5,0.539,27,26,11602,182248
2018/3/21 9:00,0.0182,0.0113,0.0125,6,2.5,4,0.373275,27,24,7541,67030
2018/3/21 10:00,0.0143,0.0206,0.0195,6,1.5,4,0.291975,58,56,7676,134140
2018/3/21 11:00,0.0063,0.0068,0.0067,5,1.25,3,0.15445,49,49,2436,15063
2018/3/21 12:00,0.0101,0.0139,0.0133,5,1.25,3,0.2199,42,38,6487,122239
2018/3/21 13:00,0.0068,0.0148,0.0134,5,1,3,0.13245,41,39,2213,15445
2018/3/21 14:00,0.0076,0.014,0.0128,4,1.25,3,0.1676,28,22,4344,102099
2018/3/21 15:00,0.0149,0.02,0.0191,4,1,3,0.258625,5,5,9369,98609
2018/3/21 16:00,0.0067,0.0153,0.0138,4,0.5,3,0.11765,32,31,2391,28398
2018/3/21 17:00,0.0178,0.0267,0.0251,3,1,2,0.2939,22,21,13076,299926
2018/3/21 18:00,0.0177,0.0277,0.026,4,1.75,3,0.3193,8,7,9275,81990
2018/3/21 19:00,0.0068,0.011,0.0102,4,1,2,0.1418,11,10,2536,14507
2018/3/21 20:00,0.026,0.0377,0.0356,8,3.75,5,0.546275,27,25,12145,398627
2018/3/21 21:00,0.0288,0.0538,0.0494,9,4,5,0.629925,9,8,12308,454779
2018/3/21 22:00,0.0132,0.0155,0.0151,6,2.25,3,0.24605,0,0,3559,42380
2018/3/21 23:00,0.0252,0.0186,0.0198,4,1.75,3,0.41305,0,0,8122,137992
2018/3/22 0:00,0.0097,0.0069,0.0074,5,2.25,3,0.191975,0,0,2163,3870
2018/3/22 1:00,0.0064,0.0066,0.0065,5,2,4,0.135875,0,0,1445,2116
2018/3/22 2:00,0.007,0.007,0.007,5,2,3,0.14485,0,0,1550,2172
2018/3/22 3:00,0.007,0.0066,0.0067,6,2,4,0.1439,4,4,1648,3068
2018/3/22 4:00,0.0089,0.0067,0.0071,5,2,3,0.14095,6,6,2964,3000
2018/3/22 5:00,0.0082,0.0065,0.0068,6,2.75,3,0.16935,7,7,2037,3990
2018/3/22 6:00,0.01,0.0147,0.0138,6,2.5,3,0.214325,18,17,4154,179252
2018/3/22 7:00,0.0137,0.0166,0.0161,7,2.25,4,0.284975,37,36,4263,115796
2018/3/22 8:00,0.0183,0.02,0.0197,7,2.25,3,0.284825,56,56,4914,25630
2018/3/22 9:00,0.014,0.0191,0.0182,6,2,4,0.277025,36,35,8812,157778
2018/3/22 10:00,0.0058,0.0113,0.0104,6,1.5,3,0.133675,35,32,1814,17260
2018/3/22 11:00,0.0108,0.0198,0.0182,4,0.75,3,0.158325,76,74,5062,57328
2018/3/22 12:00,0.0154,0.0076,0.009,5,1.5,3,0.160075,131,129,13724,8902
2018/3/22 13:00,0.0216,0.022,0.0219,6,2.25,5,0.399175,32,32,8810,134164
2018/3/22 14:00,0.0124,0.0177,0.0168,5,1.5,3,0.192275,20,18,5457,15296
2018/3/22 15:00,0.0091,0.0099,0.0098,5,1.5,3,0.16315,7,7,4081,10587
2018/3/22 16:00,0.0309,0.0173,0.0197,6,3.25,4,0.691575,75,73,13209,169700
2018/3/22 17:00,0.013,0.023,0.0213,6,2.5,3,0.27585,40,38,6750,349885
2018/3/22 18:00,0.0134,0.0228,0.0212,6,2.5,3,0.2925,40,37,6219,343941
2018/3/22 19:00,0.0205,0.021,0.0209,7,3,4,0.379725,52,49,9018,250561
2018/3/22 20:00,0.0221,0.0337,0.0317,7,3,5,0.462625,64,63,7571,302499
2018/3/22 21:00,0.0403,0.026,0.0285,8,3,5,0.568375,51,51,17853,144427
2018/3/22 22:00,0.0093,0.019,0.0172,6,1.5,3,0.18235,28,25,3522,67593
2018/3/22 23:00,0.0065,0.0074,0.0072,6,1.5,3,0.129525,18,18,1669,3456
2018/3/23 0:00,0.0062,0.0151,0.0135,4,1,2,0.1209,9,7,1565,12823
2018/3/23 1:00,0.0032,0.0071,0.0064,4,0.5,3,0.072175,0,0,980,11109
2018/3/23 2:00,0.0028,0.0056,0.0051,4,0.75,3,0.059725,0,0,684,881
2018/3/23 3:00,0.0028,0.0059,0.0053,4,0.5,2,0.0569,0,0,838,7997
2018/3/23 4:00,0.0031,0.0056,0.0052,3,0.5,2,0.075325,0,0,846,1498
2018/3/23 5:00,0.0038,0.0057,0.0054,5,1,2,0.0816,1,1,1088,1658
2018/3/23 6:00,0.0052,0.0067,0.0064,6,1.5,3,0.10145,12,12,1364,3510
2018/3/23 7:00,0.0135,0.0158,0.0154,7,2.5,4,0.283075,30,30,4899,41566
2018/3/23 8:00,0.0094,0.0085,0.0087,6,2,3,0.214725,38,36,2782,10372
2018/3/23 9:00,0.0437,0.0087,0.0149,4,1,3,0.22835,22,18,24266,16778
2018/3/23 10:00,0.0084,0.0179,0.0162,6,1.5,3,0.17045,33,26,2683,19455
2018/3/23 11:00,0.0084,0.0087,0.0086,6,1.5,3,0.201075,24,22,3041,31635
2018/3/23 12:00,0.0092,0.0099,0.0098,6,2,3,0.18275,9,5,3129,35981
2018/3/23 13:00,0.0058,0.0068,0.0066,5,1.25,3,0.131025,9,5,1854,4811
2018/3/23 14:00,0.0081,0.0081,0.0081,6,1.5,3,0.17555,8,5,2243,8985
2018/3/23 15:00,0.0061,0.0095,0.0089,5,1.25,3,0.11655,9,5,2146,24115
2018/3/23 16:00,0.0066,0.0071,0.007,6,1.25,3,0.19675,55,54,2196,5506
2018/3/23 17:00,0.0102,0.0178,0.0164,5,1.5,3,0.19025,44,43,2738,19953
2018/3/23 18:00,0.0151,0.0231,0.0217,6,2.5,4,0.4786,31,28,7673,334652
2018/3/23 19:00,0.0279,0.0257,0.0261,8,4,4,0.48185,47,47,10015,196899
2018/3/23 20:00,0.0521,0.0286,0.0328,8,3.5,5,0.5611,53,53,26992,238965
2018/3/23 21:00,0.0307,0.014,0.0169,6,2.5,4,0.819425,14,11,13051,23532
2018/3/23 22:00,0.0189,0.0418,0.0378,6,2,4,0.2941,0,0,1704,69169
2018/3/23 23:00,,,,0,0,0,0,0,0,0,0
2018/3/24 0:00,,,,0,0,0,0,0,0,0,0
2018/3/24 1:00,0.0049,0.0059,0.0057,5,1,3,0.112,0,0,1430,1940
2018/3/24 2:00,0.0044,0.0058,0.0056,4,1,2,0.1093,0,0,1474,1891
2018/3/24 3:00,0.0113,0.0083,0.0088,5,1.25,3,0.186075,0,0,3397,21162
2018/3/24 4:00,0.0267,0.0152,0.0172,5,1.75,4,0.4474,0,0,10607,129137
2018/3/24 5:00,0.0081,0.0072,0.0074,5,2,3,0.1747,2,0,3155,15658
2018/3/24 6:00,0.0121,0.0259,0.0234,6,2.25,3,0.218225,6,3,3506,64470
2018/3/24 7:00,0.0088,0.014,0.0131,4,1.25,3,0.180175,4,4,3185,45806
2018/3/24 8:00,0.0105,0.011,0.0109,5,2,3,0.18875,9,9,1683,18172
2018/3/24 9:00,,,,0,0,0,0,0,0,0,0
2018/3/24 10:00,,,,0,0,0,0,0,0,0,0
2018/3/24 11:00,0.0157,0.0097,0.0108,6,1.67E+00,4,0.254133333,33,33,6033,37436
2018/3/24 12:00,0.0274,0.0191,0.0206,6,2.25,4,0.30445,28,26,22933,35611
2018/3/24 13:00,0.0295,0.0158,0.0182,6,1.75,5,0.3388,28,26,15361,136529
2018/3/24 14:00,0.0182,0.0334,0.0307,5,2,3,0.346175,9,6,7098,94133
2018/3/24 15:00,0.0211,0.0169,0.0176,6,3,4,0.591025,5,3,7105,101286
2018/3/24 16:00,0.0145,0.0083,0.0094,7,2.75,4,0.49095,29,27,5844,11468
2018/3/24 17:00,0.0115,0.0085,0.009,6,2.25,4,0.45555,12,10,3057,33178
2018/3/24 18:00,0.0123,0.009,0.0096,6,2.5,4,0.438425,27,25,2709,9413
2018/3/24 19:00,0.0174,0.0097,0.0111,7,3.25,5,0.56245,40,39,4915,22386
2018/3/24 20:00,0.0349,0.0357,0.0356,8,4.25,4,0.5324,53,51,11821,97682
2018/3/24 21:00,0.0334,0.0318,0.032,9,4,5,0.550475,32,31,9575,231858
2018/3/24 22:00,0.1393,0.0698,0.0821,7,3.25,5,1.082175,7,6,65825,313677
2018/3/24 23:00,0.1143,0.0248,0.0406,7,1.75,4,0.661525,18,18,55982,112192
2018/3/25 0:00,0.0057,0.0065,0.0063,5,1,3,0.124775,23,23,1908,3493
2018/3/25 1:00,0.0041,0.0072,0.0066,5,1,3,0.09945,9,6,1284,1838
2018/3/25 2:00,0.0033,0.0058,0.0054,3,0.75,3,0.0873,12,0,1216,1714
2018/3/25 3:00,0.0041,0.0058,0.0055,4,1,3,0.100875,4,0,1466,2030
2018/3/25 4:00,0.0136,0.0097,0.0104,4,1.5,4,0.2173,28,28,5073,37535
2018/3/25 5:00,0.0104,0.0085,0.0088,5,1.25,3,0.207875,11,8,3394,23721
2018/3/25 6:00,0.0228,0.0185,0.0193,5,1.75,4,0.297075,49,49,9163,138093
2018/3/25 7:00,0.0147,0.0217,0.0205,7,2,4,0.321825,19,16,5102,252021
2018/3/25 8:00,0.0217,0.0108,0.0127,6,2.25,3,0.422475,45,45,10650,27925
2018/3/25 9:00,0.0037,0.0066,0.0061,4,0.75,3,0.08025,29,29,876,5127
2018/3/25 10:00,0.0138,0.0072,0.0084,5,1.5,3,0.26485,28,28,8886,12321
2018/3/25 11:00,0.0219,0.0083,0.0107,5,1.25,3,0.4537,37,37,4798,15666
2018/3/25 12:00,0.0331,0.0272,0.0282,6,1.5,3,0.2418,65,64,17473,80036
2018/3/25 13:00,0.0146,0.0226,0.0212,6,2,4,0.2529,23,22,5704,124987
2018/3/25 14:00,0.0124,0.0204,0.019,5,1.5,3,0.204975,28,28,3154,56005
2018/3/25 15:00,0.0303,0.0143,0.0172,5,1.5,3,0.27095,40,38,17928,28379
2018/3/25 16:00,0.1123,0.0243,0.0399,6,2,4,0.578825,23,22,182891,191630
2018/3/25 17:00,0.0062,0.012,0.011,4,1,3,0.103475,51,49,2464,30433
2018/3/25 18:00,0.0172,0.0391,0.0352,9,2.25,5,0.2865,33,31,6672,162179
2018/3/25 19:00,0.0321,0.0289,0.0295,11,3,4,0.36555,45,44,13815,39936
2018/3/25 20:00,0.0266,0.0346,0.0332,9,3.75,6,0.5033,35,34,7271,140677
2018/3/25 21:00,0.1687,0.0406,0.0632,8,3.5,5,1.0111,45,45,83469,129601
2018/3/25 22:00,0.0152,0.0095,0.0105,6,1.75,3,0.270225,19,18,4681,28644
2018/3/25 23:00,0.014,0.0127,0.0129,4,1,3,0.190625,12,12,3775,43125
2018/3/26 0:00,0.0025,0.0057,0.0051,4,1,3,0.0493,8,4,369,371
2018/3/26 1:00,0.0028,0.0059,0.0053,5,1,2,0.053775,0,0,441,773
2018/3/26 2:00,0.0042,0.009,0.0081,5,1,2,0.068575,5,0,612,1564
2018/3/26 3:00,0.0024,0.0056,0.005,4,0.75,2,0.049825,0,0,347,399
2018/3/26 4:00,0.0022,0.0056,0.005,4,0.5,2,0.037625,0,0,277,491
2018/3/26 5:00,0.0035,0.0088,0.0078,5,0.75,2,0.067075,1,0,1273,41810
2018/3/26 6:00,0.0125,0.0087,0.0094,6,1,3,0.199675,3,3,3704,37753
2018/3/26 7:00,0.0166,0.0221,0.0211,7,3,5,0.34645,14,14,6111,79052
2018/3/26 8:00,0.011,0.0171,0.016,8,2.25,3,0.3119,25,25,3003,55390
2018/3/26 9:00,0.0054,0.0082,0.0077,5,1,3,0.129575,43,43,1684,14189
2018/3/26 10:00,0.0044,0.0068,0.0064,6,0.75,3,0.085475,62,62,1311,5935
2018/3/26 11:00,0.0088,0.0134,0.0126,5,0.75,3,0.19625,23,21,4833,52116
2018/3/26 12:00,0.0323,0.0239,0.0254,7,3,4,0.477875,46,44,25030,68031
2018/3/26 13:00,0.0179,0.0201,0.0197,8,3.5,4,0.3267,32,30,6923,76876
2018/3/26 14:00,0.0137,0.0182,0.0174,7,3,4,0.469075,21,20,4321,70355
2018/3/26 15:00,0.0078,0.0102,0.0098,6,2.25,3,0.1774,12,10,2099,28419
2018/3/26 16:00,0.0121,0.019,0.0178,6,2,3,0.2179,22,20,3185,38764
2018/3/26 17:00,0.0128,0.0149,0.0145,7,1.75,5,0.2067,23,23,8517,64371
2018/3/26 18:00,0.0131,0.0143,0.0141,8,1,4,0.205175,24,20,10683,84045
2018/3/26 19:00,0.0304,0.0522,0.0483,8,3.5,5,0.625,22,21,14215,199650
2018/3/26 20:00,0.0905,0.0586,0.0642,13,6,7,1.343925,33,29,50109,300333
2018/3/26 21:00,0.0449,0.0851,0.078,9,4.5,6,0.74605,18,17,13573,279215
2018/3/26 22:00,0.0133,0.0171,0.0164,6,1.75,3,0.197325,1,1,4210,29481
2018/3/26 23:00,0.0052,0.0078,0.0073,3,0.25,2,0.082825,1,1,1501,12799
2018/3/27 0:00,6.00E-04,0.0054,0.0046,3,0,2,0.011725,2,1,88,101
2018/3/27 1:00,0.0028,0.0074,0.0066,3,0,2,0.045675,0,0,812,20458
2018/3/27 2:00,0.0019,0.0065,0.0057,3,0.25,2,0.042225,3,1,565,17515
2018/3/27 3:00,0.0026,0.0056,0.005,3,0.5,2,0.067275,1,0,459,717
2018/3/27 4:00,8.00E-04,0.0055,0.0046,3,0,2,0.0141,1,0,130,210
2018/3/27 5:00,0.0039,0.0061,0.0057,4,0.25,3,0.064025,3,3,906,5103
2018/3/27 6:00,0.0542,0.0229,0.0284,6,2.25,4,0.536175,51,51,42182,65008
2018/3/27 7:00,0.0102,0.0129,0.0124,7,2,3,0.194825,42,41,2834,45186
2018/3/27 8:00,0.0064,0.0079,0.0076,5,1.25,3,0.130425,9,4,1461,14678
2018/3/27 9:00,0.0069,0.0102,0.0097,4,1,2,0.125775,12,11,2881,39400
2018/3/27 10:00,0.0044,0.0121,0.0107,4,0.5,3,0.087,7,7,1396,36057
2018/3/27 11:00,0.0215,0.0066,0.0093,4,0.5,3,0.1056,27,23,33331,5797
2018/3/27 12:00,0.0088,0.0119,0.0113,5,1.25,3,0.18615,16,12,2905,41377
2018/3/27 13:00,0.0139,0.0165,0.016,5,2,3,0.45655,9,8,3846,67013
2018/3/27 14:00,0.0114,0.011,0.0111,6,1.25,4,0.145825,8,8,6902,34271
2018/3/27 15:00,0.0136,0.0294,0.0266,6,1.5,3,0.20735,18,14,7294,52769
2018/3/27 16:00,0.0139,0.014,0.014,6,1.25,4,0.2435,14,10,12378,27555
2018/3/27 17:00,0.0051,0.0085,0.0079,5,1,3,0.098375,12,12,1709,13587
2018/3/27 18:00,0.0056,0.0225,0.0195,4,1,2,0.098175,14,13,1369,18865
2018/3/27 19:00,0.0132,0.0159,0.0154,6,2.25,3,0.2339,25,22,5449,40652
2018/3/27 20:00,0.0514,0.0721,0.0685,8,4.5,5,0.69205,64,62,27107,143631
2018/3/27 21:00,0.103,0.095,0.0964,9,5.75,7,1.40135,107,107,59954,340267
2018/3/27 22:00,0.045,0.0302,0.0328,9,3.5,6,0.688,45,45,16138,156409
2018/3/27 23:00,0.0039,0.0074,0.0067,4,0.5,2,0.08315,1,1,1437,19861
2018/3/28 0:00,0.0017,0.0062,0.0054,3,0,2,0.033525,3,0,189,253
2018/3/28 1:00,0.0013,0.0055,0.0047,2,0,2,0.029725,0,0,189,193
2018/3/28 2:00,0.0026,0.0057,0.0051,4,0.5,3,0.045675,1,1,332,458
2018/3/28 3:00,0.0029,0.0058,0.0053,3,0,2,0.05115,3,2,696,3997
2018/3/28 4:00,0.0014,0.0055,0.0048,3,0,2,0.02995,7,7,240,482
2018/3/28 5:00,0.001,0.0054,0.0046,3,0,2,0.0236,0,0,135,202
2018/3/28 6:00,0.0034,0.006,0.0055,3,0.5,2,0.07015,1,1,778,4003
2018/3/28 7:00,0.0082,0.0068,0.007,6,1.5,3,0.15875,24,22,2391,4610
2018/3/28 8:00,0.0067,0.0088,0.0084,6,1.25,4,0.20165,47,43,1752,10430
2018/3/28 9:00,0.0074,0.0075,0.0075,4,0.75,2,0.097025,11,7,4723,12238
2018/3/28 10:00,0.0023,0.007,0.0061,3,0,2,0.04565,1,1,459,1526
2018/3/28 11:00,0.0074,0.0074,0.0074,5,0.75,3,0.128575,17,16,7262,18826
2018/3/28 12:00,0.0221,0.03,0.0286,6,2,4,0.27255,13,12,9196,106156
2018/3/28 13:00,0.0289,0.0318,0.0313,4,1.75,3,0.3376,0,0,16064,154205
2018/3/28 14:00,0.0063,0.0087,0.0082,4,1.25,3,0.142725,5,3,2176,8646
2018/3/28 15:00,0.0046,0.009,0.0082,5,1,3,0.132475,30,29,998,5851
2018/3/28 16:00,0.0078,0.0086,0.0085,6,1.5,4,0.3549,12,11,3284,8160
2018/3/28 17:00,0.0049,0.0066,0.0063,5,1,3,0.1237,8,7,3047,3691
2018/3/28 18:00,0.0073,0.0079,0.0078,5,1.5,3,0.167775,6,4,4761,18591
2018/3/28 19:00,0.025,0.0107,0.0132,6,2.25,4,0.2346,33,32,21741,67483
2018/3/28 20:00,0.058,0.0252,0.031,7,3,4,0.46835,54,53,25730,100655
2018/3/28 21:00,0.0469,0.0169,0.0222,8,3,5,0.62905,71,71,33729,95151
2018/3/28 22:00,0.0102,0.0105,0.0104,6,1.5,4,0.197,5,5,2696,27558
2018/3/28 23:00,0.0118,0.0107,0.0109,4,1,3,0.192275,3,3,2469,15056
2018/3/29 0:00,0.0025,0.0058,0.0052,3,0.25,2,0.050625,0,0,448,2876
2018/3/29 1:00,0.0012,0.0054,0.0047,3,0,2,0.02655,0,0,121,129
2018/3/29 2:00,0.0012,0.0055,0.0047,3,0,2,0.023875,1,1,126,142
2018/3/29 3:00,0.0015,0.0058,0.005,3,0,2,0.030575,7,7,250,1628
2018/3/29 4:00,9.00E-04,0.0054,0.0046,3,0,2,0.01775,0,0,87,77
2018/3/29 5:00,0.0049,0.0065,0.0063,3,0.25,2,0.064425,0,0,1456,12616
2018/3/29 6:00,0.0123,0.013,0.0129,4,1,3,0.197375,3,2,3380,105130
2018/3/29 7:00,0.0071,0.008,0.0078,5,1.5,3,0.137825,29,27,2385,24018
2018/3/29 8:00,0.007,0.0101,0.0096,4,1,2,0.1397,36,36,2417,59268
2018/3/29 9:00,0.0047,0.0071,0.0066,5,1,3,0.15115,10,8,1448,18811
2018/3/29 10:00,0.0051,0.008,0.0075,5,1.5,3,0.176125,5,4,1759,24935
2018/3/29 11:00,0.0078,0.0091,0.0089,7,1.5,3,0.189825,24,22,2909,32134
2018/3/29 12:00,0.0415,0.012,0.0172,8,2.5,5,0.368525,54,54,24095,56968
2018/3/29 13:00,0.016,0.0149,0.0151,8,3.25,5,0.32465,4,4,7776,86626
2018/3/29 14:00,0.0201,0.0567,0.0502,6,2.5,4,0.37195,31,29,10345,568253
2018/3/29 15:00,0.03,0.0758,0.0677,6,2.75,4,0.592775,12,9,16166,909129
2018/3/29 16:00,0.0078,0.0157,0.0143,5,1.5,3,0.234975,4,1,4658,123424
2018/3/29 17:00,0.0116,0.0084,0.009,4,1,3,0.2273,9,9,14816,12547
2018/3/29 18:00,0.0061,0.0079,0.0076,5,1,3,0.12605,33,31,1358,6556
2018/3/29 19:00,0.0201,0.0172,0.0177,6,1.75,4,0.342725,76,76,6406,65905
2018/3/29 20:00,0.0274,0.0284,0.0282,7,3.25,4,0.497575,44,42,11163,226531
2018/3/29 21:00,0.0276,0.0212,0.0223,8,3.25,5,0.480075,27,26,21592,173564
2018/3/29 22:00,0.0082,0.011,0.0105,7,1.5,4,0.218775,0,0,4835,77567
2018/3/29 23:00,0.0028,0.0057,0.0052,4,0,2,0.060925,0,0,595,827
2018/3/30 0:00,0.0015,0.0055,0.0048,4,0,2,0.0349,0,0,179,292
2018/3/30 1:00,0.0021,0.0056,0.0049,3,0.25,2,0.0492,0,0,457,499
2018/3/30 2:00,0.001,0.0064,0.0055,2,0,2,0.018775,0,0,197,484
2018/3/30 3:00,5.00E-04,0.0054,0.0045,3,0,2,0.012825,0,0,76,198
2018/3/30 4:00,8.00E-04,0.0054,0.0046,2,0,1,0.00875,0,0,58,72
2018/3/30 5:00,0.0012,0.0057,0.0049,2,0,2,0.021475,2,2,264,496
2018/3/30 6:00,0.0041,0.0065,0.0061,4,0.25,2,0.079925,6,6,1432,22893
2018/3/30 7:00,0.0103,0.0124,0.012,5,1.5,3,0.2525,2,1,2917,29121
2018/3/30 8:00,0.0094,0.0095,0.0095,5,1.5,4,0.222875,38,37,2767,19008
2018/3/30 9:00,0.0057,0.0106,0.0098,4,1,3,0.13295,58,58,1331,13432
2018/3/30 10:00,0.0061,0.0095,0.0089,5,1.5,3,0.143925,17,16,1993,27394
2018/3/30 11:00,0.007,0.0096,0.0091,5,1.75,5,0.2717,50,50,1975,19222
2018/3/30 12:00,0.0081,0.0124,0.0117,6,1.5,3,0.15685,23,21,2635,14928
2018/3/30 13:00,0.0145,0.0204,0.0193,7,3,3,0.25215,24,22,4265,31273
2018/3/30 14:00,0.0105,0.0211,0.0192,6,1.5,4,0.19625,1,0,3163,31209
2018/3/30 15:00,0.0047,0.0127,0.0113,3,0.25,2,0.135025,10,9,1282,13821
2018/3/30 16:00,0.0051,0.0106,0.0096,4,1,3,0.144375,9,7,1429,5363
2018/3/30 17:00,0.0084,0.0096,0.0094,5,1,3,0.084175,36,34,4400,13916
2018/3/30 18:00,0.0057,0.0074,0.0071,4,1,3,0.081575,41,41,2877,29484
2018/3/30 19:00,0.0164,0.0119,0.0127,5,1.5,3,0.1649,68,62,10709,42842
2018/3/30 20:00,0.0182,0.042,0.0378,6,2.5,4,0.312525,34,34,5497,72732
2018/3/30 21:00,0.0205,0.0562,0.0499,6,2.25,4,0.31955,13,12,4735,69739
2018/3/30 22:00,0.0134,0.0086,0.0095,5,0.75,3,0.1651,15,15,4134,28102
2018/3/30 23:00,9.00E-04,0.0055,0.0047,3,0,2,0.018725,1,1,273,429
2018/3/31 0:00,0.0021,0.0066,0.0058,2,0,2,0.046075,0,0,1026,19276
2018/3/31 1:00,0.0023,0.006,0.0053,3,0,2,0.037425,0,0,398,2411
2018/3/31 2:00,7.00E-04,0.0054,0.0046,2,0,2,0.015625,0,0,96,103
2018/3/31 3:00,0.0388,0.0147,0.019,3,0.5,2,0.543125,0,0,9494,110458
2018/3/31 4:00,0.0198,0.0185,0.0188,3,1,2,0.37755,1,1,9756,188640
2018/3/31 5:00,0.0069,0.0114,0.0106,3,0.25,2,0.1175,2,2,3538,75954
2018/3/31 6:00,0.0026,0.0062,0.0055,4,0.25,2,0.04715,7,7,824,5032
2018/3/31 7:00,0.0095,0.0171,0.0158,5,1,3,0.154725,47,46,4042,47991
2018/3/31 8:00,0.0042,0.0065,0.0061,4,1,3,0.0741,66,66,1328,4754
2018/3/31 9:00,0.0038,0.0075,0.0068,4,0.5,2,0.10985,20,16,1116,14230
2018/3/31 10:00,0.0086,0.0215,0.0192,5,1.5,3,0.2534,15,12,2888,21647
2018/3/31 11:00,0.0044,0.0068,0.0063,5,1,3,0.17645,18,15,1334,5222
2018/3/31 12:00,0.009,0.0127,0.0121,5,1.5,3,0.202475,8,7,4750,117353
2018/3/31 13:00,0.0081,0.0094,0.0092,4,1,3,0.158875,17,14,4368,49254
2018/3/31 14:00,0.0675,0.0403,0.0451,5,1.75,4,0.642375,37,35,64488,289997
2018/3/31 15:00,0.0176,0.0429,0.0384,7,1.75,4,0.232025,47,44,12251,406741
2018/3/31 16:00,0.0239,0.0798,0.0699,8,2.25,4,0.494475,51,50,10559,581163
2018/3/31 17:00,0.0269,0.0727,0.0646,7,1.5,5,0.4373,53,53,23436,755665
2018/3/31 18:00,0.0227,0.0114,0.0134,6,1.25,4,0.253725,76,76,19631,60985
2018/3/31 19:00,0.0527,0.0125,0.0196,7,2.75,4,0.44835,45,45,32710,49272
2018/3/31 20:00,0.08,0.0192,0.03,9,3,5,0.652725,46,46,36082,62566
2018/3/31 21:00,0.0159,0.0156,0.0157,6,2.75,4,0.257025,42,41,3938,44193
2018/3/31 22:00,0.0194,0.0124,0.0136,5,1.75,3,0.311225,18,17,5794,86286
2018/3/31 23:00,0.0054,0.0061,0.006,3,0.5,2,0.078775,16,16,476,765
2018/4/1 0:00,0.0478,0.0094,0.0162,6,0.75,3,0.3155,19,18,29410,24463
2018/4/1 1:00,0.0356,0.0087,0.0135,4,0.5,3,0.25165,2,2,23016,19754
2018/4/1 2:00,0.0022,0.0055,0.0049,3,0,2,0.0417,0,0,284,443
2018/4/1 3:00,0.0048,0.006,0.0057,3,0.5,3,0.07785,0,0,1425,6666
2018/4/1 4:00,0.0031,0.0055,0.0051,3,0.75,2,0.06295,0,0,595,1617
2018/4/1 5:00,0.0056,0.0073,0.007,3,0.75,2,0.110375,0,0,1556,26202
2018/4/1 6:00,0.0104,0.0118,0.0116,5,1.25,3,0.178975,12,12,3765,55134
2018/4/1 7:00,0.0076,0.0094,0.0091,5,1,3,0.140375,46,46,1928,27820
2018/4/1 8:00,0.0105,0.0075,0.008,7,1.25,4,0.125225,51,51,4667,1879
2018/4/1 9:00,0.0087,0.0074,0.0077,6,2,4,0.18645,66,66,1922,5713
2018/4/1 10:00,0.0167,0.0093,0.0106,6,1.75,3,0.155675,42,42,12717,17229
2018/4/1 11:00,0.0179,0.0157,0.0161,7,1.75,4,0.269725,35,32,5001,85457
2018/4/1 12:00,0.1089,0.0378,0.0503,11,4,6,0.869475,25,24,58177,328131
2018/4/1 13:00,0.0732,0.0137,0.0242,7,2.5,4,0.60195,29,27,34654,57399
2018/4/1 14:00,0.0293,0.0159,0.0183,9,3.25,4,0.4895,61,58,9107,75072
2018/4/1 15:00,0.0171,0.0116,0.0126,7,2.5,4,0.355825,64,64,5661,44024
2018/4/1 16:00,0.0306,0.0128,0.016,8,2.5,3,0.44715,62,62,15650,52988
2018/4/1 17:00,0.0132,0.0113,0.0116,5,1,3,0.1908,40,38,15376,24213
2018/4/1 18:00,0.0402,0.018,0.022,5,1,4,0.32955,69,65,66058,51253
2018/4/1 19:00,0.0247,0.0332,0.0317,7,2.25,4,0.3228,85,85,18347,140066
2018/4/1 20:00,0.1131,0.0252,0.0407,8,3.5,5,0.802225,94,94,67536,185587
2018/4/1 21:00,0.0251,0.0308,0.0298,9,4.25,5,0.50255,10,9,12899,236551
2018/4/1 22:00,0.0163,0.015,0.0152,8,2.25,4,0.2622,5,5,4141,61436
2018/4/1 23:00,0.0208,0.0101,0.012,5,1.25,3,0.177875,15,15,13305,19588
2018/4/2 0:00,0.0025,0.0056,0.005,4,0.75,2,0.05655,0,0,398,604
2018/4/2 1:00,0.0023,0.0055,0.0049,4,1,2,0.052725,0,0,404,285
2018/4/2 2:00,0.0023,0.0055,0.0049,4,0.75,2,0.051825,0,0,366,280
2018/4/2 3:00,0.0024,0.0055,0.0049,5,1,3,0.04975,0,0,369,288
2018/4/2 4:00,0.002,0.0054,0.0048,4,0.75,2,0.045225,0,0,290,262
2018/4/2 5:00,0.008,0.007,0.0072,5,1.25,3,0.141575,14,14,1757,12354
2018/4/2 6:00,0.0139,0.0139,0.0139,6,1.5,4,0.211475,60,60,3197,49389
2018/4/2 7:00,0.0135,0.0112,0.0116,6,2.25,4,0.25145,79,79,6200,47395
2018/4/2 8:00,0.0074,0.0075,0.0075,6,2,3,0.157675,89,89,2792,18121
2018/4/2 9:00,0.0082,0.0084,0.0083,5,1.5,3,0.136725,60,58,4427,13310
2018/4/2 10:00,0.0027,0.0083,0.0073,3,0.25,2,0.046525,47,42,721,17907
2018/4/2 11:00,0.0113,0.0234,0.0213,5,1.25,4,0.23355,30,28,2936,49358
2018/4/2 12:00,0.0076,0.0085,0.0084,5,1.5,3,0.183975,43,43,2690,27695
2018/4/2 13:00,0.0218,0.0142,0.0155,7,2.25,4,0.34215,74,74,10928,79222
2018/4/2 14:00,0.0164,0.01,0.0111,5,2.25,4,0.2568,79,79,4879,26345
2018/4/2 15:00,0.0324,0.0143,0.0175,5,2,3,0.438275,49,49,45837,125759
2018/4/2 16:00,0.0117,0.0152,0.0146,5,1.25,3,0.16985,37,35,8465,28153
2018/4/2 17:00,0.0184,0.0149,0.0155,5,1.5,3,0.18395,55,55,9357,67429
2018/4/2 18:00,0.0282,0.0121,0.015,4,1.5,3,0.237425,34,33,17616,24577
2018/4/2 19:00,0.0093,0.0104,0.0102,6,2,3,0.177875,83,83,2628,12399
2018/4/2 20:00,0.0174,0.0248,0.0235,7,2.5,4,0.291925,30,28,5161,88450
2018/4/2 21:00,0.0349,0.0194,0.0221,6,2.25,4,0.505975,40,40,21904,86096
2018/4/2 22:00,0.0496,0.0225,0.0273,5,2.25,5,0.613975,58,58,20321,128236
2018/4/2 23:00,0.0238,0.011,0.0133,5,1.25,4,0.2001,17,17,9358,38009
2018/4/3 0:00,0.0048,0.0077,0.0072,4,1,2,0.086875,3,3,907,10412
2018/4/3 1:00,0.0055,0.0126,0.0113,4,0.75,3,0.09125,43,37,1260,16770
2018/4/3 2:00,0.0031,0.0062,0.0056,3,1,2,0.071325,79,79,679,5779
2018/4/3 3:00,0.0019,0.0054,0.0048,3,0,2,0.04625,1,0,324,319
2018/4/3 4:00,0.0024,0.0058,0.0052,4,0.75,2,0.05535,6,6,521,5810
2018/4/3 5:00,0.0034,0.0064,0.0059,4,1,2,0.06985,15,9,827,10344
2018/4/3 6:00,0.0199,0.0109,0.0125,5,1.5,2,0.283625,35,35,7161,72728
2018/4/3 7:00,0.0102,0.0091,0.0093,6,1.75,4,0.17815,26,24,4702,37149
2018/4/3 8:00,0.0043,0.0069,0.0064,4,1,2,0.1032,2,2,1424,21485
2018/4/3 9:00,0.0041,0.007,0.0065,4,0.75,3,0.110775,9,9,1560,20249
2018/4/3 10:00,0.0031,0.0065,0.0059,4,0.25,2,0.0492,48,47,1020,1295
2018/4/3 11:00,0.0027,0.0068,0.0061,3,0.25,2,0.0412,9,6,622,5811
2018/4/3 13:00,0.0079,0.0079,0.0079,5,1.25,3,0.2112,33,30,4487,17020
2018/4/3 14:00,0.0187,0.0368,0.0336,5,2,4,0.327925,70,70,8275,192049
2018/4/3 15:00,0.0063,0.0091,0.0086,4,0.5,3,0.093925,39,39,1896,27593
2018/4/3 16:00,0.0026,0.0077,0.0068,3,0,2,0.048025,19,16,858,16191
2018/4/3 17:00,0.0043,0.0072,0.0067,4,1,3,0.120025,77,77,1106,12816
2018/4/3 18:00,0.0054,0.0076,0.0072,5,1.25,3,0.122375,44,42,2603,19739
2018/4/3 19:00,0.0103,0.0113,0.0111,5,1.5,3,0.22215,40,38,3764,76532
2018/4/3 20:00,0.0424,0.0145,0.0195,6,2,3,0.330025,37,37,21084,33339
2018/4/3 21:00,0.0659,0.0215,0.0294,7,3,4,0.536675,32,30,35371,117424
2018/4/3 22:00,0.0197,0.0178,0.0182,6,2.5,4,0.404475,24,23,10528,158778
2018/4/3 23:00,0.012,0.0195,0.0182,7,1.5,4,0.240025,0,0,9195,247126
2018/4/4 0:00,0.001,0.0054,0.0046,3,0,1,0.018025,1,1,126,180
2018/4/4 1:00,0.0023,0.0053,0.0048,4,0,2,0.067125,0,0,351,178
2018/4/4 2:00,0.0019,0.0053,0.0047,3,0,2,0.055175,0,0,241,93
2018/4/4 3:00,0.0049,0.0084,0.0078,3,0.25,2,0.098025,0,0,1285,12351
2018/4/4 4:00,0.0421,0.018,0.0223,4,1,3,0.4682,0,0,14034,140097
2018/4/4 5:00,0.0185,0.0097,0.0113,4,1,3,0.24535,0,0,5250,42886
2018/4/4 6:00,0.0069,0.0091,0.0087,4,1,4,0.141225,17,16,1400,10330
2018/4/4 7:00,0.009,0.0092,0.0092,7,2,4,0.198,26,24,2036,10821
2018/4/4 8:00,0.0092,0.0102,0.01,7,2,4,0.195075,64,64,2129,21111
2018/4/4 9:00,0.0037,0.0079,0.0072,4,1,2,0.06125,44,41,534,1217
2018/4/4 10:00,0.0046,0.0105,0.0094,4,1.25,2,0.077875,33,32,1055,37010
2018/4/4 11:00,0.0141,0.0088,0.0098,6,1.25,3,0.1776,129,129,23177,19215
2018/4/4 12:00,0.1089,0.0378,0.0503,11,4,6,0.869475,25,24,58177,328131
2018/4/4 13:00,0.0732,0.0137,0.0242,7,2.5,4,0.60195,29,27,34654,57399
2018/4/4 14:00,0.0293,0.0159,0.0183,9,3.25,4,0.4895,61,58,9107,75072
2018/4/4 15:00,0.0171,0.0116,0.0126,7,2.5,4,0.355825,64,64,5661,44024
2018/4/4 16:00,0.0117,0.0152,0.0146,5,1.25,3,0.16985,37,35,8465,28153
2018/4/4 17:00,0.0184,0.0149,0.0155,5,1.5,3,0.18395,55,55,9357,67429
2018/4/4 18:00,0.0282,0.0121,0.015,4,1.5,3,0.237425,34,33,17616,24577
2018/4/4 19:00,0.0093,0.0104,0.0102,6,2,3,0.177875,83,83,2628,12399
2018/4/4 20:00,0.0424,0.0145,0.0195,6,2,3,0.330025,37,37,21084,33339
2018/4/4 21:00,0.0659,0.0215,0.0294,7,3,4,0.536675,32,30,35371,117424
2018/4/4 22:00,0.0197,0.0178,0.0182,6,2.5,4,0.404475,24,23,10528,158778
2018/4/4 23:00,0.012,0.0195,0.0182,7,1.5,4,0.240025,0,0,9195,247126
2018/4/6 0:00,0.0014,0.0058,0.005,4,0,2,0.0289,10,9,250,315
2018/4/6 1:00,9.00E-04,0.0053,0.0045,3,0,2,0.01655,0,0,152,162
2018/4/6 2:00,0.0013,0.0054,0.0046,3,0,2,0.0242,0,0,206,395
2018/4/6 3:00,0.023,0.0181,0.019,4,1,2,0.253775,0,0,6366,50808
2018/4/6 4:00,0.019,0.0177,0.0179,4,1.25,3,0.4114,0,0,5697,124674
2018/4/6 5:00,0.0084,0.0097,0.0095,3,0.25,2,0.165875,0,0,3063,51701
2018/4/6 6:00,0.0079,0.008,0.008,5,1.5,3,0.123275,22,22,3829,7415
2018/4/6 7:00,0.0156,0.0124,0.013,7,2.75,4,0.35785,30,30,7483,86887
2018/4/6 8:00,0.015,0.011,0.0117,6,1.75,4,0.262325,44,44,8024,40512
2018/4/6 9:00,0.0305,0.0145,0.0173,6,1.75,4,0.299175,64,64,15224,51323
2018/4/6 10:00,0.0204,0.0377,0.0347,7,2.25,5,0.43155,59,57,9242,503611
2018/4/6 11:00,0.0436,0.0228,0.0265,7,2.75,4,0.90115,47,47,17569,259495
2018/4/6 12:00,0.012,0.0115,0.0115,6,2,3,0.3067,48,48,3224,52645
2018/4/6 13:00,0.0157,0.0117,0.0124,7,2.75,4,0.390975,48,46,4783,57265
2018/4/6 14:00,0.0389,0.0341,0.0349,6,2.5,4,0.600125,88,88,37099,310246
2018/4/6 15:00,0.0258,0.0209,0.0218,7,2.5,4,0.46255,54,54,13028,142077
2018/4/6 16:00,0.0687,0.0341,0.0402,8,2.75,4,0.683125,90,90,58226,260908
2018/4/6 17:00,0.0302,0.0233,0.0245,9,3.25,5,0.885925,39,39,10000,142663
2018/4/6 18:00,0.034,0.0163,0.0195,7,3.5,5,0.799675,55,53,10964,93523
2018/4/6 19:00,0.048,0.0152,0.021,8,3.75,5,1.139425,49,47,9821,71022
2018/4/6 20:00,0.0252,0.0165,0.0181,9,2.75,4,0.530125,67,66,7643,95882
2018/4/6 21:00,0.0959,0.0228,0.0357,9,3.5,5,0.8904,37,37,72647,162733
2018/4/6 22:00,0.0293,0.0357,0.0346,7,3.5,5,0.492725,25,25,10604,197606
2018/4/6 23:00,0.0131,0.0176,0.0168,6,1,3,0.105025,4,3,19520,3604
2018/4/7 0:00,0.0017,0.0056,0.0049,3,0.25,2,0.031225,1,1,372,583
2018/4/7 1:00,0.001,0.0054,0.0046,3,0,2,0.019975,0,0,255,544
2018/4/7 2:00,0.0023,0.0066,0.0059,3,0,2,0.0383,20,20,497,3303
2018/4/7 3:00,0.0012,0.0055,0.0047,3,0,2,0.021425,6,0,274,681
2018/4/7 4:00,7.00E-04,0.0053,0.0045,3,0,2,0.01445,3,3,139,236
2018/4/7 5:00,0.0069,0.0109,0.0102,3,0.25,2,0.08705,6,5,2321,52774
2018/4/7 6:00,0.0069,0.007,0.007,4,1,3,0.124325,17,17,1893,8704
2018/4/7 7:00,0.0128,0.0139,0.0137,6,1.75,4,0.25675,16,16,6592,58335
2018/4/7 8:00,0.0392,0.032,0.0333,7,2,4,0.354475,96,96,20898,147141
2018/4/7 9:00,0.0078,0.0087,0.0086,5,1.5,3,0.20365,26,21,2843,37376
2018/4/7 10:00,0.0053,0.0066,0.0063,5,1.25,3,0.122925,6,4,1993,7162
2018/4/7 11:00,0.0187,0.0089,0.0106,5,1.75,3,0.329525,12,10,14476,38422
2018/4/7 12:00,0.012,0.013,0.0128,5,1.75,3,0.28135,4,1,6864,99222
2018/4/7 13:00,0.0083,0.01,0.0097,4,0.5,3,0.1272,42,37,3668,18398
2018/4/7 14:00,0.0152,0.0157,0.0156,4,1,3,0.1852,69,67,8344,76966
2018/4/7 15:00,0.0081,0.011,0.0105,4,0.75,2,0.1444,20,16,3401,40660
2018/4/7 16:00,0.0038,0.0131,0.0114,4,0.5,3,0.1338,16,16,2047,77356
2018/4/7 17:00,0.0065,0.0107,0.01,6,1,3,0.121075,35,32,2470,31869
2018/4/7 18:00,0.0054,0.0076,0.0072,5,1,2,0.10655,53,53,1150,5539
2018/4/7 19:00,0.0136,0.0214,0.02,6,1.5,3,0.2701,60,60,4904,72864
2018/4/7 20:00,0.0107,0.0235,0.0213,6,1.5,4,0.230275,42,41,3195,51877
2018/4/7 21:00,0.0339,0.0233,0.0252,6,1.25,4,0.3147,34,31,25841,73760
2018/4/7 22:00,0.0289,0.0119,0.0149,3,0.75,2,0.38995,6,6,7245,46782
2018/4/7 23:00,3.00E-04,0.0052,0.0044,2,0,1,0.006,0,0,40,34
2018/4/8 0:00,2.00E-04,0.0052,0.0043,1,0,1,0.004325,0,0,33,107
2018/4/8 1:00,4.00E-04,0.0053,0.0044,3,0,1,0.005675,0,0,70,100
2018/4/8 2:00,0.0266,0.0122,0.0147,2,0.75,2,0.312775,0,0,7906,66210
2018/4/8 3:00,6.00E-04,0.0052,0.0044,3,0,1,0.012425,0,0,141,293
2018/4/8 4:00,2.00E-04,0.0052,0.0043,2,0,1,0.0018,0,0,16,17
2018/4/8 5:00,3.00E-04,0.0052,0.0044,2,0,1,0.00375,4,4,57,96
2018/4/8 6:00,0.002,0.0058,0.0051,4,0,3,0.046525,2,2,925,7359
2018/4/8 7:00,0.004,0.0067,0.0062,3,0.25,3,0.07185,63,62,759,2650
2018/4/8 8:00,0.0047,0.009,0.0082,4,0.75,2,0.097525,31,29,1661,40701
2018/4/8 9:00,0.0061,0.0071,0.0069,4,0.75,3,0.20215,28,26,2487,9708
2018/4/8 10:00,0.0057,0.0072,0.0069,3,0,3,0.08705,17,17,4084,19970
2018/4/8 11:00,0.0039,0.0104,0.0093,3,0,2,0.11135,27,26,2017,52303
2018/4/8 12:00,0.0063,0.0096,0.009,3,0,2,0.0877,34,31,3106,21076
2018/4/8 13:00,0.0089,0.0169,0.0154,3,0.75,3,0.176875,21,18,4752,111678
2018/4/8 14:00,0.0139,0.0164,0.0159,4,0.75,2,0.205525,17,17,16706,125715
2018/4/8 15:00,0.0058,0.0131,0.0118,3,0,3,0.1145,36,36,3808,89898
2018/4/8 16:00,0.0372,0.0161,0.0199,4,0.75,3,0.206,69,66,45320,139988
2018/4/8 17:00,0.0056,0.0093,0.0087,3,0.25,3,0.1315,53,53,2797,39444
2018/4/8 18:00,0.0052,0.0101,0.0093,3,0.25,2,0.10215,24,22,1476,17284
2018/4/8 19:00,0.0075,0.0093,0.009,4,1,3,0.157125,64,64,2541,14227
2018/4/8 20:00,0.0065,0.01,0.0094,4,1,3,0.119625,31,29,2024,4106
2018/4/8 21:00,0.0482,0.0223,0.0269,5,1,3,0.423825,30,29,35047,80307
2018/4/8 22:00,0.0108,0.0257,0.0231,5,1,3,0.167025,13,12,5391,52401
2018/4/8 23:00,0.009,0.0089,0.0089,3,0.75,2,0.1464,7,5,3218,35132
2018/4/9 0:00,0.004,0.0066,0.0061,3,0.5,2,0.075175,34,28,957,4318
2018/4/9 1:00,0.003,0.0057,0.0052,2,0,2,0.03505,2,1,400,1278
2018/4/9 2:00,3.00E-04,0.0052,0.0043,1,0,1,0.00235,0,0,49,27
2018/4/9 3:00,1.00E-04,0.0053,0.0044,1,0,1,9.25E-04,0,0,13,11
2018/4/9 4:00,3.00E-04,0.0052,0.0044,2,0,1,9.25E-04,5,0,9,11
2018/4/9 5:00,0.001,0.0053,0.0045,2,0,1,0.020975,0,0,300,605
2018/4/9 6:00,0.0039,0.0089,0.008,4,0.5,2,0.0728,8,8,945,18380
2018/4/9 7:00,0.0226,0.0087,0.0112,4,0.5,2,0.1195,25,24,18567,5101
2018/4/9 8:00,0.0038,0.008,0.0072,3,0.25,2,0.07315,24,22,1400,12134
2018/4/9 9:00,0.0083,0.0072,0.0074,4,1,3,0.1459,53,53,5781,13996
2018/4/9 10:00,0.0051,0.0064,0.0062,5,0.75,2,0.105475,31,30,1832,8760
2018/4/9 11:00,0.0159,0.0087,0.01,4,0.75,4,0.3413,39,35,20512,29090
2018/4/9 12:00,0.0093,0.0126,0.012,5,0.75,3,0.21275,15,12,7228,66519
2018/4/9 13:00,0.0052,0.0068,0.0065,3,0.25,2,0.070625,41,37,2260,5587
2018/4/9 14:00,0.055,0.0195,0.0258,4,0.75,3,0.4193,33,33,103092,155696
2018/4/9 15:00,0.0171,0.0349,0.0317,4,1,3,0.355175,27,26,12312,521368
2018/4/9 16:00,0.007,0.0212,0.0187,4,0.75,3,0.18955,41,36,4563,274786
2018/4/9 17:00,0.0075,0.0134,0.0124,4,1,3,0.161125,53,52,3073,77298
2018/4/9 18:00,0.0042,0.008,0.0073,3,0,2,0.0586,51,46,1516,6864
2018/4/9 19:00,0.0075,0.0112,0.0106,5,0.5,3,0.1133,34,32,2446,36471
2018/4/9 20:00,0.0554,0.0247,0.0302,4,1,3,0.4185,62,61,29262,107655
2018/4/9 21:00,0.0326,0.0144,0.0176,3,0,3,0.180225,67,66,16341,26717
2018/4/9 22:00,0.011,0.0142,0.0137,3,0.5,2,0.139225,12,12,5921,92682
2018/4/9 23:00,0.006,0.0139,0.0125,4,0.75,2,0.131925,15,15,3168,102478
2018/4/10 0:00,7.00E-04,0.0054,0.0046,2,0,1,0.01505,0,0,113,95
2018/4/10 1:00,6.00E-04,0.0054,0.0045,2,0,1,0.014075,0,0,116,92
2018/4/10 2:00,7.00E-04,0.0054,0.0046,2,0,2,0.01345,0,0,94,86
2018/4/10 3:00,8.00E-04,0.0054,0.0046,2,0,1,0.02015,1,1,120,140
2018/4/10 4:00,0.0011,0.0054,0.0046,2,0,2,0.02685,0,0,215,442
2018/4/10 5:00,7.00E-04,0.0054,0.0046,2,0,1,0.017,0,0,109,128
2018/4/10 6:00,0.0012,0.0058,0.0049,3,0,2,0.023825,5,4,293,1562
2018/4/10 7:00,0.0058,0.0092,0.0086,4,1,3,0.11295,20,17,2315,51087
2018/4/10 8:00,0.0042,0.0068,0.0063,4,0.5,3,0.108175,18,17,865,3617
2018/4/10 9:00,0.0023,0.0066,0.0058,4,0.25,2,0.09715,24,22,600,1332
2018/4/10 10:00,0.0019,0.0086,0.0074,4,0,2,0.034825,29,27,469,3252
2018/4/10 11:00,4.00E-04,0.0058,0.0049,2,0,1,0.00645,33,32,71,447
2018/4/10 12:00,0.0011,0.0058,0.005,2,0,1,0.009475,11,9,484,400
2018/4/10 13:00,0.0077,0.0076,0.0077,4,0,2,0.083075,47,45,9320,17888
2018/4/10 14:00,0.0145,0.0353,0.0316,5,0.25,3,0.1676,28,23,7012,143926
2018/4/10 15:00,0.015,0.0162,0.016,4,0.5,2,0.1874,25,23,5604,49642
2018/4/10 16:00,0.0061,0.0095,0.0089,4,0.25,4,0.0833,37,36,1811,33046
2018/4/10 17:00,0.0054,0.0068,0.0066,3,0,2,0.061675,35,33,3887,6349
2018/4/10 18:00,0.0026,0.0068,0.0061,3,0,3,0.02855,23,23,1317,8615
2018/4/10 19:00,0.0105,0.0091,0.0094,5,0.25,3,0.1483,18,16,3452,18596
2018/4/10 20:00,0.0121,0.0268,0.0242,6,1.75,3,0.2056,29,25,3797,71356
2018/4/10 21:00,0.0128,0.0113,0.0116,6,1.75,4,0.247725,50,50,4751,45613
2018/4/10 22:00,0.0416,0.028,0.0304,4,1.25,3,0.5691,10,10,11121,196512
2018/4/10 23:00,0.0422,0.0329,0.0345,3,1,3,0.979725,1,1,6692,315493
2018/4/11 0:00,0.0396,0.0347,0.0356,2,1,2,0.945325,0,0,5790,301095
2018/4/11 1:00,0.0384,0.0299,0.0314,2,0.75,2,0.88675,0,0,5480,281650
2018/4/11 2:00,7.00E-04,0.0055,0.0046,2,0,2,0.010125,0,0,77,173
2018/4/11 3:00,0,0.0053,0.0044,1,0,1,7.00E-04,0,0,1,1
2018/4/11 4:00,0,0.0056,0.0046,1,0,1,6.50E-04,0,0,2,3
2018/4/11 5:00,0.001,0.0054,0.0047,2,0,1,0.0228,0,0,356,851
2018/4/11 6:00,0.0028,0.0071,0.0064,4,0.5,2,0.05775,6,5,1040,30651
2018/4/11 7:00,0.0078,0.0175,0.0158,4,1,3,0.114575,15,13,2654,54533
2018/4/11 8:00,0.0142,0.0078,0.009,4,1,3,0.173975,25,25,10863,15126
2018/4/11 9:00,0.0165,0.0077,0.0093,4,0.5,3,0.3501,26,23,8034,9137
2018/4/11 10:00,0.0027,0.0071,0.0063,4,0.5,3,0.058025,6,4,896,11337
2018/4/11 11:00,0.0034,0.0083,0.0074,3,0,2,0.073075,13,10,1026,22163
2018/4/11 12:00,0.0118,0.0214,0.0197,5,0.75,3,0.18535,26,25,3547,80036
2018/4/11 13:00,0.0159,0.0158,0.0158,4,1,3,0.144225,56,54,8483,21913
2018/4/11 14:00,0.0089,0.0103,0.01,4,0.75,3,0.129,17,13,3920,33300
2018/4/11 15:00,0.0021,0.0067,0.0059,3,0,2,0.0397,24,19,572,8233
2018/4/11 16:00,0.0019,0.0062,0.0054,4,0.5,2,0.037825,18,16,343,513
2018/4/11 17:00,0.0208,0.0066,0.0091,4,0.75,3,0.083625,33,31,17738,3459
2018/4/11 18:00,0.0362,0.0143,0.0182,4,1,3,0.1687,35,34,23561,29396
2018/4/11 19:00,0.0113,0.0185,0.0173,4,1,3,0.18055,37,36,4848,113627
2018/4/11 20:00,0.014,0.0165,0.0161,5,0.75,4,0.1837,32,32,3412,59024
2018/4/11 21:00,0.0443,0.02,0.0243,4,0.75,2,0.2872,21,17,27124,125541
2018/4/11 22:00,0.0535,0.0149,0.0218,4,1,3,0.55305,3,2,33134,79494
2018/4/11 23:00,0.0324,0.0085,0.0128,2,0.25,2,0.37555,1,1,24837,26223
2018/4/12 0:00,3.00E-04,0.0054,0.0045,1,0,1,0.0057,3,3,63,91
2018/4/12 1:00,0.0085,0.0088,0.0087,3,0.5,3,0.127575,0,0,2886,31171
2018/4/12 2:00,0.0356,0.0141,0.0179,3,0.75,2,0.4146,0,0,11879,94776
2018/4/12 3:00,0.0109,0.0099,0.0101,3,0.5,2,0.1583,1,1,3350,38464
2018/4/12 4:00,0.0059,0.0098,0.0091,3,0,2,0.081125,0,0,1835,30794
2018/4/12 5:00,4.00E-04,0.0059,0.0049,2,0,1,0.00465,0,0,30,29
2018/4/12 6:00,0.0059,0.011,0.0101,4,0.5,2,0.099875,7,6,1613,38558
2018/4/12 7:00,0.0104,0.0092,0.0095,5,1.5,3,0.1971,6,4,3051,33203
2018/4/12 8:00,0.0032,0.0068,0.0062,4,0.5,2,0.07495,11,10,929,9893
2018/4/12 9:00,0.0063,0.0102,0.0095,4,0.5,3,0.08095,31,31,2543,15777
2018/4/12 10:00,0.0041,0.0098,0.0088,3,0.25,2,0.0587,26,26,1086,14003
2018/4/12 11:00,0.0584,0.0135,0.0214,3,0.25,3,0.181525,40,37,53368,51689
2018/4/12 12:00,0.0655,0.0341,0.0397,4,0.75,3,0.3758,39,39,39172,131797
2018/4/12 13:00,0.0192,0.013,0.0141,6,1,4,0.189775,29,28,12802,44869
2018/4/12 14:00,0.0038,0.007,0.0064,2,0,2,0.054975,13,9,3680,11270
2018/4/12 15:00,0.0049,0.0146,0.0129,5,0.25,3,0.1015,16,13,2413,116414
2018/4/12 16:00,0.0465,0.0197,0.0244,6,1.75,3,0.39635,14,13,21473,44278
2018/4/12 17:00,0.0137,0.0253,0.0233,5,1.25,3,0.170475,12,9,4480,29119
2018/4/12 18:00,0.0318,0.0202,0.0223,4,1,3,0.236425,70,70,16663,34603
2018/4/12 19:00,0.0131,0.0145,0.0143,4,1.25,3,0.164525,17,16,4610,15687
2018/4/12 20:00,0.031,0.0177,0.0201,5,1.25,3,0.253025,19,18,14723,49423
2018/4/12 21:00,0.0102,0.0135,0.0129,6,1.5,3,0.2311,27,26,4241,129684
2018/4/12 22:00,0.0187,0.0121,0.0133,5,1,4,0.308375,3,2,6590,59269
2018/4/12 23:00,0.0175,0.0125,0.0134,2,0.5,2,0.2459,0,0,5571,64930
2018/4/13 0:00,0.0262,0.0133,0.0156,2,0.75,2,0.35875,0,0,9210,79736
2018/4/13 1:00,0.0014,0.0055,0.0048,2,0.25,2,0.03655,0,0,193,372
2018/4/13 2:00,0.0011,0.0054,0.0047,2,0,2,0.02785,1,1,136,141
2018/4/13 3:00,7.00E-04,0.0054,0.0046,2,0,2,0.014625,1,1,149,102
2018/4/13 4:00,3.00E-04,0.0054,0.0045,2,0,1,0.005425,10,9,61,256
2018/4/13 5:00,0.0011,0.0054,0.0047,2,0,2,0.025175,3,1,288,607
2018/4/13 6:00,0.025,0.0117,0.0141,4,1,3,0.191275,38,38,13194,20272
2018/4/13 7:00,0.0246,0.0424,0.0392,6,1.5,5,0.331775,39,39,13444,114781
2018/4/13 8:00,0.0159,0.0118,0.0125,5,1,3,0.196925,47,46,7553,35247
2018/4/13 9:00,0.0027,0.0061,0.0055,3,0,2,0.028725,22,21,1019,1125
2018/4/13 10:00,0.0041,0.0072,0.0066,4,0,2,0.053725,21,20,1304,4955
2018/4/13 11:00,0.0074,0.0079,0.0078,5,1.75,4,0.146075,65,61,2015,9367
2018/4/13 12:00,0.0112,0.0106,0.0107,5,1.75,3,0.22035,54,53,8681,91444
2018/4/13 13:00,0.0142,0.0096,0.0104,4,0.75,3,0.1079,37,37,6752,20220
2018/4/13 14:00,0.0045,0.0083,0.0076,4,0,2,0.075875,10,10,1143,11596
2018/4/13 15:00,8.00E-04,0.0058,0.0049,3,0,3,0.01275,7,5,197,1060
2018/4/13 16:00,0.0014,0.0093,0.0079,3,0,1,0.019,13,13,404,14077
2018/4/13 17:00,0.0033,0.0067,0.0061,4,0.25,2,0.055225,12,9,920,9702
2018/4/13 18:00,0.004,0.0068,0.0063,3,0.25,2,0.058425,19,16,2122,7965
2018/4/13 19:00,0.0373,0.0141,0.0183,5,0.5,4,0.17935,48,46,23318,41701
2018/4/13 20:00,0.0147,0.0137,0.0139,6,2,4,0.22115,60,59,4714,22481
2018/4/13 21:00,0.0226,0.0258,0.0252,7,2.5,4,0.3322,45,43,7780,90616
2018/4/13 22:00,0.0729,0.0151,0.0253,4,1,4,0.5814,6,4,45970,99514
2018/4/13 23:00,0.0384,0.0106,0.0155,3,0.75,2,0.39905,0,0,23091,46048
2018/4/14 0:00,9.00E-04,0.0054,0.0046,3,0,2,0.0151,0,0,157,211
2018/4/14 1:00,3.00E-04,0.0053,0.0044,2,0,1,0.005575,0,0,57,38
2018/4/14 2:00,3.00E-04,0.0053,0.0044,2,0,1,0.00505,0,0,29,29
2018/4/14 3:00,0.0127,0.0095,0.01,3,0.5,3,0.15605,0,0,4329,27822
2018/4/14 4:00,0.0152,0.0114,0.0121,3,0.25,3,0.17815,0,0,4563,23530
2018/4/14 5:00,0.0031,0.0065,0.0059,2,0,2,0.03035,0,0,1073,6293
2018/4/14 6:00,0.0163,0.0192,0.0187,5,1,3,0.236825,18,17,5142,86483
2018/4/14 7:00,0.0128,0.0141,0.0139,6,1.75,3,0.208275,27,26,4322,76980
2018/4/14 8:00,0.0065,0.0076,0.0074,5,1,2,0.124675,66,65,2751,24610
2018/4/14 9:00,0.0107,0.0128,0.0124,6,1,3,0.14535,25,21,10373,24640
2018/4/14 10:00,0.0266,0.0095,0.0126,5,0.75,3,0.208375,69,63,40775,32999
2018/4/14 11:00,0.0252,0.0119,0.0142,6,0.75,4,0.169475,101,97,17580,26527
2018/4/14 12:00,0.0556,0.017,0.0238,6,1,4,0.26575,76,74,43910,55256
2018/4/14 13:00,0.0087,0.0072,0.0075,4,0.25,3,0.08945,15,13,3834,4250
2018/4/14 14:00,0.005,0.0094,0.0086,5,1,3,0.132175,16,16,2085,20286
2018/4/14 15:00,0.008,0.0224,0.0198,5,0.5,3,0.10435,53,50,2810,33622
2018/4/14 16:00,0.0098,0.0306,0.0269,4,0.75,3,0.156025,36,36,3385,25894
2018/4/14 17:00,0.0026,0.0075,0.0066,4,0,2,0.05295,19,14,608,5332
2018/4/14 18:00,0.0083,0.0123,0.0116,4,0.5,3,0.102425,30,29,4244,20055
2018/4/14 19:00,0.0185,0.0212,0.0207,7,1.75,3,0.2348,51,46,6924,37840
2018/4/14 20:00,0.0208,0.0189,0.0193,5,2,3,0.2591,65,65,10375,54630
2018/4/14 21:00,0.0159,0.0207,0.0198,5,1.25,4,0.238775,48,48,7365,86912
2018/4/14 22:00,0.009,0.0218,0.0195,4,1,3,0.178575,4,4,3771,88459
2018/4/14 23:00,0.0068,0.0097,0.0092,4,1,2,0.13155,0,0,1957,20503
2018/4/15 0:00,0.0026,0.0066,0.0059,3,0.5,2,0.061825,0,0,664,10921
2018/4/15 1:00,0.0016,0.0055,0.0048,2,0,1,0.021375,0,0,488,607
2018/4/15 2:00,0.001,0.0054,0.0047,2,0,2,0.019675,0,0,181,207
2018/4/15 3:00,7.00E-04,0.0054,0.0046,3,0,2,0.013825,0,0,78,70
2018/4/15 4:00,6.00E-04,0.0054,0.0045,2,0,2,0.011025,0,0,55,54
2018/4/15 5:00,6.00E-04,0.0054,0.0046,2,0,2,0.010875,0,0,59,70
2018/4/15 6:00,0.0045,0.0119,0.0106,4,0.25,2,0.068675,4,4,1345,33499
2018/4/15 7:00,0.0066,0.0083,0.008,5,1.25,3,0.132375,24,24,2131,16020
2018/4/15 8:00,0.0083,0.027,0.0237,5,1.5,3,0.149625,31,26,2225,9809
2018/4/15 9:00,0.0059,0.009,0.0085,6,1.25,3,0.149,85,85,1623,8013
2018/4/15 10:00,0.0105,0.0106,0.0106,5,1.25,3,0.145625,50,48,3792,9968
2018/4/15 11:00,0.0458,0.02,0.0245,6,1.5,4,0.4813,18,16,51219,154987
2018/4/15 12:00,0.0132,0.0137,0.0136,5,0.5,3,0.116525,47,45,7880,38186
2018/4/15 13:00,0.0091,0.0159,0.0147,6,1.25,3,0.158975,9,6,3006,27082
2018/4/15 14:00,0.0037,0.0074,0.0067,5,0.75,3,0.0843,23,20,1345,25165
2018/4/15 15:00,0.0041,0.0074,0.0069,4,0.75,2,0.083075,29,26,2153,24559
2018/4/15 16:00,0.0063,0.0083,0.0079,4,0.5,3,0.0917,31,28,2717,8491
2018/4/15 17:00,0.0416,0.0465,0.0456,6,1,4,0.41105,38,34,37262,51718
2018/4/15 18:00,0.0052,0.0083,0.0077,5,1,3,0.11655,10,7,1702,27066
2018/4/15 19:00,0.0197,0.0248,0.0239,6,1.5,4,0.266425,41,40,7754,76516
2018/4/15 20:00,0.0188,0.0114,0.0127,5,1.25,3,0.1866,53,52,8435,35786
2018/4/15 21:00,0.0166,0.0201,0.0195,7,2,4,0.25685,42,42,6647,83036
2018/4/15 22:00,0.012,0.0077,0.0085,5,1,3,0.1663,4,4,4606,19604
2018/4/15 23:00,0.0012,0.0057,0.0049,3,0,2,0.023325,1,1,403,2570
2018/4/16 0:00,7.00E-04,0.0054,0.0046,2,0,1,0.0173,0,0,94,383
2018/4/16 1:00,6.00E-04,0.0054,0.0045,2,0,1,0.013775,0,0,99,110
2018/4/16 2:00,6.00E-04,0.0054,0.0045,2,0,1,0.013725,0,0,106,75
2018/4/16 3:00,6.00E-04,0.0054,0.0045,2,0,1,0.0138,0,0,70,81
2018/4/16 4:00,6.00E-04,0.0054,0.0045,3,0,2,0.01275,0,0,99,102
2018/4/16 5:00,0.0279,0.0107,0.0138,4,0.75,3,0.316875,0,0,8579,49116
2018/4/16 6:00,0.0101,0.0078,0.0083,3,1,2,0.1371,8,8,3347,25996
2018/4/16 7:00,0.0118,0.0088,0.0093,4,1,3,0.108075,63,58,5404,8622
2018/4/16 8:00,0.0031,0.0062,0.0057,4,1,2,0.0745,46,44,621,1323
2018/4/16 9:00,0.0019,0.0069,0.006,3,0,2,0.04155,63,62,763,3612
2018/4/16 10:00,0.0053,0.008,0.0075,4,0.75,3,0.14245,28,23,2210,10412
2018/4/16 11:00,0.002,0.0068,0.0059,3,0,2,0.0393,24,22,549,4262
2018/4/16 12:00,0.0086,0.0086,0.0086,3,0,3,0.090875,64,61,4086,5265
2018/4/16 13:00,0.0065,0.01,0.0093,4,0.5,3,0.142425,34,31,1789,35394
2018/4/16 14:00,0.0031,0.0063,0.0058,4,0.25,3,0.07105,5,5,718,4100
2018/4/16 15:00,0.0076,0.0067,0.0069,4,0.75,3,0.091275,43,41,3557,2611
2018/4/16 16:00,0.0079,0.0151,0.0139,5,1.5,3,0.1289,19,16,2420,16206
2018/4/16 17:00,0.0118,0.0348,0.0307,5,1.25,4,0.20025,29,26,5810,113325
2018/4/16 18:00,0.0312,0.0157,0.0184,5,1.25,4,0.2829,58,54,22391,72849
2018/4/16 19:00,0.0081,0.0093,0.0091,3,1,3,0.11195,49,44,3358,34011
2018/4/16 20:00,0.0088,0.0108,0.0105,5,1.75,3,0.17505,63,63,2666,32899
2018/4/16 21:00,0.0076,0.0089,0.0087,4,1,3,0.140425,20,20,1993,20178
2018/4/16 22:00,0.0203,0.0211,0.0209,4,1,3,0.30655,0,0,6432,102612
2018/4/16 23:00,0.0015,0.0058,0.005,4,0.25,2,0.0611,0,0,597,2319
2018/4/17 0:00,9.00E-04,0.0056,0.0047,3,0,2,0.041575,0,0,370,1517
2018/4/17 1:00,6.00E-04,0.0056,0.0047,3,0.25,2,0.02575,0,0,162,122
2018/4/17 2:00,4.00E-04,0.0054,0.0045,3,0,2,0.0243,0,0,133,132
2018/4/17 3:00,6.00E-04,0.0055,0.0046,3,0,2,0.03635,0,0,283,498
2018/4/17 4:00,7.00E-04,0.0084,0.007,4,0.25,2,0.0413,0,0,406,5778
2018/4/17 5:00,9.00E-04,0.0057,0.0049,3,0.25,2,0.0487,0,0,487,3684
2018/4/17 6:00,0.004,0.0073,0.0067,5,1.25,3,0.18295,4,4,2427,15684
2018/4/17 7:00,0.0034,0.0113,0.0099,6,1.25,3,0.174425,19,15,2483,12217
2018/4/17 8:00,0.004,0.0078,0.0071,6,0.75,4,0.12215,27,27,2027,6399
2018/4/17 9:00,0.0048,0.0074,0.007,5,1.25,3,0.212275,14,13,8385,18802
2018/4/17 10:00,0.0012,0.006,0.0051,3,0,2,0.0435,7,3,2149,854
2018/4/17 11:00,8.00E-04,0.0096,0.0081,3,0,2,0.027425,0,0,827,29616
2018/4/17 12:00,0.002,0.0061,0.0054,2,0,2,0.03485,8,7,1554,1970
2018/4/17 13:00,0.0036,0.0089,0.008,4,0,2,0.0751,25,23,2089,8997
2018/4/17 14:00,0.002,0.008,0.0069,4,0,2,0.055375,13,12,567,1450
2018/4/17 15:00,0.0038,0.022,0.0188,4,0.5,3,0.09875,30,25,2278,39654
2018/4/17 16:00,0.0039,0.0079,0.0072,4,0.75,2,0.101975,26,23,7451,26526
2018/4/17 17:00,0.0087,0.0237,0.021,5,1.25,3,0.22155,26,24,5626,115411
2018/4/17 18:00,0.0021,0.007,0.0062,7,1,3,0.07745,60,60,758,5742
2018/4/17 19:00,0.0064,0.0176,0.0156,5,1.5,4,0.217,58,56,3866,44760
2018/4/17 20:00,0.0142,0.0286,0.0261,6,2.25,5,0.30765,37,35,12366,57247
2018/4/17 21:00,0.0092,0.0182,0.0166,7,3,4,0.28035,14,14,6139,36868
2018/4/17 22:00,0.0328,0.0342,0.0339,7,3,4,0.918525,1,1,36012,158387
2018/4/17 23:00,0.004,0.0069,0.0064,5,1.25,3,0.124625,0,0,2050,8867
2018/4/18 0:00,0.0023,0.0059,0.0053,4,0.75,3,0.082275,0,0,997,3372
2018/4/18 1:00,0.0095,0.0066,0.0071,2,0,2,0.149125,0,0,1731,7539
2018/4/18 2:00,0.0111,0.0205,0.0188,3,1,2,0.378,0,0,8101,186019
2018/4/18 3:00,0.0105,0.0224,0.0203,3,1,2,0.370025,0,0,8155,205802
2018/4/18 4:00,4.00E-04,0.0054,0.0045,2,0,2,0.01985,0,0,180,134
2018/4/18 5:00,5.00E-04,0.0055,0.0046,2,0,2,0.0146,5,5,136,134
2018/4/18 6:00,0.0028,0.007,0.0063,4,0.5,3,0.08655,13,12,2054,12997
2018/4/18 7:00,0.0162,0.0319,0.0292,5,1,3,0.234475,31,30,9258,66149
2018/4/18 8:00,0.0077,0.0131,0.0122,5,1,4,0.195375,23,22,15067,61223
2018/4/18 9:00,0.0087,0.018,0.0164,5,1,3,0.1977,47,45,19234,40698
2018/4/18 10:00,0.0092,0.0194,0.0176,7,1.5,3,0.18655,56,53,5666,50317
2018/4/18 11:00,0.0261,0.0411,0.0385,6,1.25,3,0.275925,14,13,16027,118893
2018/4/18 12:00,0.0062,0.0196,0.0172,5,0.75,3,0.1518,32,30,5084,85049
2018/4/18 13:00,0.004,0.0096,0.0086,5,1,4,0.149775,17,16,2747,13494
2018/4/18 14:00,0.0013,0.0064,0.0055,4,0.5,2,0.069,7,6,963,5461
2018/4/18 15:00,0.1847,0.0815,0.0997,5,1.5,4,0.914025,4,3,104029,133673
2018/4/18 16:00,0.0014,0.0074,0.0064,4,0.5,2,0.0669,22,19,727,6860
2018/4/18 17:00,0.0023,0.0105,0.0091,4,0.5,3,0.143875,20,16,2216,36999
2018/4/18 18:00,0.0038,0.0112,0.0099,5,1,3,0.182925,12,12,3556,25509
2018/4/18 19:00,0.0039,0.0157,0.0136,5,1.5,4,0.2082,11,9,4750,101216
2018/4/18 20:00,0.0097,0.0275,0.0244,8,2.5,4,0.333075,36,36,7692,86929
2018/4/18 21:00,0.0095,0.0295,0.0259,9,2.25,4,0.3674,9,9,8664,98767
2018/4/18 22:00,0.0147,0.0109,0.0116,6,1.5,4,0.904625,0,0,18612,53561
2018/4/18 23:00,0.0016,0.0059,0.0051,4,0.5,3,0.14105,1,0,872,1723
2018/4/19 0:00,7.00E-04,0.0057,0.0048,4,0.666666667,2,0.0394,0,0,245,1364
2018/4/19 1:00,0.0119,0.008,0.0087,5,0.5,3,0.20795,0,0,5355,28115
2018/4/19 2:00,0.0049,0.0062,0.006,4,0.5,2,0.111325,0,0,2001,7722
2018/4/19 3:00,5.00E-04,0.0055,0.0046,3,0,2,0.020425,0,0,147,182
2018/4/19 4:00,0.001,0.0059,0.0051,4,0.25,2,0.031575,0,0,403,2829
2018/4/19 5:00,0.0067,0.0081,0.0078,4,0.75,2,0.146375,1,1,3666,25603
2018/4/19 6:00,0.0017,0.0071,0.0061,5,1.25,3,0.132725,14,14,1660,15939
2018/4/19 7:00,0.0042,0.0261,0.0222,6,1.75,3,0.327225,16,16,4199,88011
2018/4/19 8:00,0.0031,0.0069,0.0062,7,1.75,3,0.186075,25,22,3353,8920
2018/4/19 9:00,0.0021,0.0083,0.0072,5,0.75,3,0.10505,20,18,1665,27341
2018/4/19 10:00,0.0011,0.0072,0.0061,4,0.5,2,0.071125,35,34,1050,10157
2018/4/19 11:00,0.0065,0.0147,0.0133,6,1.75,4,0.220025,37,34,3789,100896
2018/4/19 12:00,0.0124,0.0419,0.0367,6,2,5,0.415275,10,8,9811,162290
2018/4/19 13:00,0.0023,0.0072,0.0063,5,1.25,3,0.10865,4,2,1491,16415
2018/4/19 14:00,0.0045,0.0113,0.0101,6,2,3,0.19085,7,5,3231,15390
2018/4/19 15:00,0.0045,0.0076,0.0071,6,1.5,4,0.128625,21,16,1920,8047
2018/4/19 16:00,0.0029,0.0064,0.0058,5,0.5,3,0.076525,21,21,4869,1906
2018/4/19 17:00,0.0093,0.0085,0.0086,4,0.25,3,0.1235,45,45,16101,18577
2018/4/19 18:00,0.0034,0.0092,0.0082,4,0.75,3,0.10045,27,21,2398,22421
2018/4/19 19:00,0.0088,0.0103,0.01,5,0.75,3,0.20055,22,22,14437,21299
2018/4/19 20:00,0.0231,0.0231,0.0231,6,2,4,0.387875,37,37,19971,114228
2018/4/19 21:00,0.0227,0.0223,0.0223,6,2.75,5,0.722075,10,9,34195,126690
2018/4/19 22:00,0.012,0.0244,0.0222,6,2.25,4,0.47835,1,1,7334,112265
2018/4/19 23:00,0.008,0.0108,0.0103,4,1,3,0.333475,23,23,5770,73382
2018/4/20 0:00,7.00E-04,0.0057,0.0048,3,0,2,0.032075,0,0,236,1023
2018/4/20 1:00,4.00E-04,0.0054,0.0045,2,0,2,0.01825,0,0,98,239
2018/4/20 2:00,5.00E-04,0.0055,0.0046,3,0,1,0.023225,0,0,148,228
2018/4/20 3:00,0.0158,0.0145,0.0147,3,0.75,2,0.27965,0,0,7709,106074
2018/4/20 4:00,0.0035,0.0083,0.0074,3,0.25,2,0.056575,0,0,1577,31549
2018/4/20 5:00,9.00E-04,0.0055,0.0047,2,0,2,0.02015,0,0,370,886
2018/4/20 6:00,0.0024,0.0095,0.0082,5,0.75,3,0.1286,9,9,1612,43542
2018/4/20 7:00,0.0149,0.0249,0.0231,6,1.5,4,0.350175,50,49,10035,90408
2018/4/20 8:00,0.0055,0.0156,0.0138,5,1.5,3,0.16325,15,13,3121,60059
2018/4/20 9:00,0.0038,0.0093,0.0083,4,0.75,3,0.118425,17,14,2954,26364
2018/4/20 10:00,0.0032,0.0081,0.0073,4,0.75,2,0.08775,5,3,1022,3806
2018/4/20 11:00,0.0103,0.0066,0.0072,3,0,2,0.054925,9,8,7867,3591
2018/4/20 12:00,0.0024,0.007,0.0062,3,0.25,3,0.0836,19,16,1273,11307
2018/4/20 13:00,0.008,0.0187,0.0168,5,1.5,3,0.186375,11,7,3977,50587
2018/4/20 14:00,0.0458,0.0158,0.0211,6,1.75,3,0.383425,8,7,35084,122682
2018/4/20 15:00,0.003,0.0252,0.0212,5,1,3,0.110125,13,10,1484,5564
2018/4/20 16:00,0.0022,0.0072,0.0063,6,1.25,3,0.088875,20,17,1072,9064
2018/4/20 17:00,0.0042,0.0072,0.0067,5,1.25,3,0.12835,16,14,4437,5847
2018/4/20 18:00,0.0034,0.0076,0.0069,5,1.75,3,0.171825,14,13,2659,12814
2018/4/20 19:00,0.0046,0.0189,0.0164,4,1.25,3,0.16405,8,6,3027,24627
2018/4/20 20:00,0.0033,0.0118,0.0103,5,1,3,0.1345,7,3,2221,21965
2018/4/20 21:00,0.011,0.0301,0.0267,7,2.25,4,0.39435,7,7,8780,173701
2018/4/20 22:00,0.043,0.016,0.0208,6,2.25,4,0.77085,3,3,61733,89953
2018/4/20 23:00,0.0018,0.0062,0.0054,5,1.75,3,0.1647,0,0,1355,4274
2018/4/21 0:00,6.00E-04,0.006,0.005,3,0,2,0.033725,0,0,337,2032
2018/4/21 1:00,4.00E-04,0.0054,0.0045,2,0,2,0.01535,0,0,105,100
2018/4/21 2:00,9.00E-04,0.0055,0.0047,3,0,2,0.0278,0,0,205,346
2018/4/21 3:00,7.00E-04,0.0056,0.0047,3,0,2,0.033825,0,0,277,246
2018/4/21 4:00,0.0045,0.0073,0.0068,3,0.25,3,0.094925,0,0,1892,18646
2018/4/21 5:00,0.008,0.0102,0.0098,3,1,2,0.187875,0,0,3966,49783
2018/4/21 6:00,0.0018,0.0099,0.0084,4,0.75,3,0.102525,8,7,1304,26121
2018/4/21 7:00,0.004,0.008,0.0073,6,1.75,3,0.14395,5,5,2249,10078
2018/4/21 8:00,0.0081,0.0398,0.0341,6,1.25,4,0.203575,30,29,6759,48738
2018/4/21 9:00,0.0023,0.0089,0.0077,6,0.5,3,0.10125,82,82,1667,27473
2018/4/21 10:00,0.0025,0.0076,0.0067,4,0.5,3,0.093125,18,15,2239,10372
2018/4/21 11:00,0.007,0.0249,0.0217,7,2.75,4,0.3074,61,59,6782,164693
2018/4/21 12:00,0.0086,0.0192,0.0174,8,3.75,4,0.44695,26,26,6668,73470
2018/4/21 13:00,0.0081,0.0153,0.014,9,4.5,4,0.4664,48,45,7142,82310
2018/4/21 14:00,0.0084,0.0328,0.0285,11,3.5,6,0.4513,79,77,8124,189881
2018/4/21 15:00,0.0434,0.0247,0.028,9,2.75,5,0.53125,123,121,76327,130363
2018/4/21 16:00,0.0039,0.0086,0.0078,6,1.25,3,0.1437,72,71,3683,18795
2018/4/21 17:00,0.0673,0.0412,0.0458,7,2.75,4,0.74025,102,100,123407,610029
2018/4/21 18:00,0.014,0.0122,0.0125,7,2.25,4,0.273775,81,81,8490,31681
2018/4/21 19:00,0.0084,0.0132,0.0123,8,2.75,5,0.305325,27,27,5965,39766
2018/4/21 20:00,0.0096,0.0222,0.02,8,3.5,4,0.4133,7,4,8397,143649
2018/4/21 21:00,0.007,0.0101,0.0095,8,3.25,4,0.4547,24,21,7638,27062
2018/4/21 22:00,0.024,0.0298,0.0288,7,2.25,4,0.5952,3,3,16842,248563
2018/4/21 23:00,0.0167,0.0169,0.0169,6,2.25,3,0.440775,4,4,9966,124007
2018/4/22 0:00,0.0052,0.0075,0.0071,6,1.5,3,0.16815,0,0,3066,25549
2018/4/22 1:00,0.0022,0.0058,0.0051,5,1,2,0.08785,0,0,689,1145
2018/4/22 2:00,0.001,0.0056,0.0048,5,1,2,0.069675,12,10,473,665
2018/4/22 3:00,0.0011,0.0057,0.0049,5,1,2,0.070075,0,0,584,1072
2018/4/22 4:00,0.001,0.0057,0.0048,5,1,2,0.0537,3,2,516,2363
2018/4/22 5:00,0.0076,0.0112,0.0106,5,1,3,0.20895,0,0,2639,56821
2018/4/22 6:00,0.003,0.0081,0.0072,6,1.5,3,0.145725,14,12,2373,13515
2018/4/22 7:00,0.0365,0.0128,0.017,6,2.25,5,0.562375,26,24,41062,83281
2018/4/22 8:00,0.0029,0.0074,0.0066,6,1.5,3,0.179475,47,47,1388,3724
2018/4/22 9:00,0.0041,0.0103,0.0092,6,1.25,3,0.27925,39,35,4571,10931
2018/4/22 10:00,0.0053,0.0197,0.0172,7,2,4,0.272775,7,7,6837,277286
2018/4/22 11:00,0.0087,0.0299,0.0262,9,4.5,5,0.632325,54,52,12867,386051
2018/4/22 12:00,0.0182,0.0221,0.0214,11,5,5,0.6618,29,28,37878,258086
2018/4/22 13:00,0.0161,0.0203,0.0196,8,4.25,4,0.70465,3,3,21202,72278
2018/4/22 14:00,0.0489,0.0289,0.0324,8,3.5,4,0.615375,26,24,48916,62952
2018/4/22 15:00,0.0346,0.0206,0.023,9,3.75,4,0.44935,19,18,42771,43500
2018/4/22 16:00,0.0048,0.0136,0.012,7,3.5,4,0.3084,17,14,5087,135118
2018/4/22 17:00,0.0094,0.0167,0.0154,6,2.75,4,0.350525,50,47,12131,208955
2018/4/22 18:00,0.0541,0.0178,0.0242,7,2.25,4,0.71055,66,65,135421,122630
2018/4/22 19:00,0.0068,0.0254,0.0221,8,3,4,0.4738,52,49,10882,332505
2018/4/22 20:00,0.0331,0.036,0.0355,7,3,4,0.743525,11,10,47873,453816
2018/4/22 21:00,0.0284,0.0319,0.0313,9,4.75,5,0.8117,28,27,47086,352777
2018/4/22 22:00,0.0128,0.014,0.0138,7,3.5,5,0.77505,1,1,12044,56938
2018/4/22 23:00,0.0082,0.0312,0.0271,8,3.75,5,0.8847,1,1,8260,61928
2018/4/23 0:00,0.0025,0.0064,0.0057,7,2.75,4,0.526625,0,0,1913,5087
2018/4/23 1:00,0.0018,0.0061,0.0053,4,1.75,3,0.339725,0,0,992,2444
2018/4/23 2:00,0.0015,0.0058,0.005,4,1.5,3,0.2496,0,0,822,1428
2018/4/23 3:00,0.0016,0.006,0.0052,4,0.75,3,0.2303,3,3,1388,4370
2018/4/23 4:00,0.0114,0.0157,0.0149,4,0.75,3,0.21095,2,1,5240,126031
2018/4/23 5:00,0.0178,0.0273,0.0256,4,1,3,0.551175,0,0,12268,252099
2018/4/23 6:00,0.0088,0.0116,0.0111,7,1.75,3,0.40545,15,14,9363,92558
2018/4/23 7:00,0.0029,0.0083,0.0073,8,2.25,4,0.2105,17,17,2751,22267
2018/4/23 8:00,0.0071,0.0179,0.016,8,2.5,5,0.31095,29,25,7787,85367
2018/4/23 9:00,0.0097,0.0106,0.0104,7,2.5,3,0.3444,29,27,17584,36577
2018/4/23 10:00,0.0045,0.0148,0.0129,7,2,5,0.24415,15,12,2694,74837
2018/4/23 11:00,0.0096,0.0171,0.0158,7,2.5,4,0.443925,32,31,7707,126991
2018/4/23 12:00,0.0125,0.0202,0.0188,6,2.5,4,0.4208,27,27,8924,71884
2018/4/23 13:00,0.0548,0.0644,0.0627,6,1.75,4,0.5431,17,16,50434,140272
2018/4/23 14:00,0.0042,0.0165,0.0143,4,0.75,3,0.15265,2,2,3853,89895
2018/4/23 15:00,0.0064,0.0198,0.0174,5,1.75,3,0.283075,5,5,9596,185598
2018/4/23 16:00,0.0074,0.0238,0.0209,8,2.5,4,0.450675,14,12,14198,327656
2018/4/23 17:00,0.011,0.0384,0.0336,11,3.5,5,0.781275,16,13,15026,470246
2018/4/23 18:00,0.0062,0.0109,0.01,8,3.5,4,0.497175,7,5,6058,80127
2018/4/23 19:00,0.0078,0.0231,0.0204,8,3.75,4,0.431375,9,8,8719,121524
2018/4/23 20:00,0.0239,0.0246,0.0245,8,4,5,0.859075,4,4,51204,191999
2018/4/23 21:00,0.01,0.0222,0.02,7,3,4,0.572825,17,16,13966,70088
2018/4/23 22:00,0.0233,0.0306,0.0293,7,3.5,4,0.74525,15,14,35402,468582
2018/4/23 23:00,0.0057,0.0158,0.014,6,2.25,4,0.39475,1,1,5317,210783
2018/4/24 0:00,0.0014,0.0057,0.0049,4,1,2,0.225875,0,0,672,752
2018/4/24 1:00,0.001,0.0056,0.0048,3,1,2,0.2113,0,0,556,501
2018/4/24 2:00,0.0017,0.0059,0.0052,4,1,2,0.233975,0,0,1323,3848
2018/4/24 3:00,0.0024,0.0068,0.006,4,1,2,0.266625,0,0,2222,15218
2018/4/24 4:00,0.0129,0.008,0.0089,4,1.5,3,0.42565,1,1,5498,22303
2018/4/24 5:00,0.0074,0.0097,0.0093,4,1.75,3,0.33775,0,0,3280,49378
2018/4/24 6:00,0.0022,0.0077,0.0068,5,1.5,3,0.273625,3,3,1729,16743
2018/4/24 7:00,0.0058,0.0233,0.0202,7,3.5,5,0.465,7,6,7640,386007
2018/4/24 8:00,0.0071,0.0226,0.0198,7,3,4,0.465575,27,26,12415,331620
2018/4/24 9:00,0.015,0.0262,0.0242,7,2.25,4,0.4514,11,11,34621,439644
2018/4/24 10:00,0.0176,0.0132,0.014,7,2.5,4,0.407375,47,47,47757,48459
2018/4/24 11:00,0.0215,0.0213,0.0213,7,3,4,0.47525,22,19,25225,337971
2018/4/24 12:00,0.0262,0.0144,0.0165,8,2.5,4,0.63825,67,67,26779,64024
2018/4/24 13:00,0.0062,0.0099,0.0093,7,2,4,0.63055,9,7,5620,35691
2018/4/24 14:00,0.0083,0.0202,0.0181,7,1.75,3,0.2417,12,10,4196,95744
2018/4/24 15:00,0.0082,0.0601,0.0509,7,1.5,4,0.5424,28,24,5065,168247
2018/4/24 16:00,0.0029,0.0068,0.0061,4,1.25,3,0.174475,13,13,1796,6867
2018/4/24 17:00,0.0074,0.0113,0.0106,6,1.25,3,0.2114,33,30,6975,17775
2018/4/24 18:00,0.0077,0.0125,0.0117,8,2.25,4,0.414125,63,60,7522,45282
2018/4/24 19:00,0.012,0.0138,0.0135,7,1.75,3,0.429125,25,23,17494,30481
2018/4/24 20:00,0.0175,0.0366,0.0333,9,3.25,5,0.496825,24,24,19595,106494
2018/4/24 21:00,0.0264,0.0547,0.0497,8,4,7,1.641325,25,21,36643,304474
2018/4/24 22:00,0.0109,0.0161,0.0152,7,2.75,4,0.698975,19,19,15683,78351
2018/4/24 23:00,0.0015,0.0059,0.0051,5,2,3,0.19585,1,1,1366,1530
2018/4/25 0:00,7.00E-04,0.0055,0.0047,5,1.25,3,0.066675,0,0,489,512
2018/4/25 1:00,5.00E-04,0.0055,0.0046,2,0.25,2,0.053525,0,0,269,374
2018/4/25 2:00,5.00E-04,0.0055,0.0046,3,0.25,2,0.048275,0,0,297,507
2018/4/25 3:00,5.00E-04,0.0055,0.0046,2,0,2,0.047125,0,0,314,493
2018/4/25 4:00,0.001,0.0056,0.0048,3,1,2,0.205475,0,0,503,636
2018/4/25 5:00,0.0014,0.0058,0.005,4,1,3,0.26995,1,1,866,1507
2018/4/25 6:00,0.002,0.0075,0.0065,4,1.25,3,0.365825,3,2,1743,21563
2018/4/25 7:00,0.0031,0.0108,0.0094,6,1.5,3,0.474725,62,57,2590,59920
2018/4/25 8:00,0.0087,0.0168,0.0153,7,2.75,4,0.822325,36,33,6086,103644
2018/4/25 9:00,0.0429,0.0139,0.019,6,2,4,0.936925,25,22,94988,75921
2018/4/25 10:00,0.0035,0.0078,0.007,5,1.25,3,0.30745,29,29,4613,14163
2018/4/25 11:00,0.0097,0.0075,0.0079,3,0.25,3,0.138,7,6,14395,13933
2018/4/25 12:00,0.06,0.0272,0.033,6,1.75,4,0.6687,20,20,68975,199137
2018/4/25 13:00,0.0484,0.0304,0.0336,6,2.75,4,0.65945,28,25,50662,183301
2018/4/25 14:00,0.004,0.0103,0.0092,7,2.25,4,0.2629,11,8,4112,39270
2018/4/25 15:00,0.0145,0.015,0.0149,7,2.25,5,1.05785,13,9,24975,80137
2018/4/25 16:00,0.0053,0.0141,0.0126,5,1,4,0.502675,42,36,4003,76517
2018/4/25 17:00,0.0034,0.0088,0.0078,6,1,2,0.104075,31,29,1821,10526
2018/4/25 18:00,0.0024,0.0078,0.0068,5,1.25,3,0.12525,34,33,1831,23360
2018/4/25 19:00,0.0034,0.0122,0.0107,4,1.25,3,0.157375,28,27,2075,31136
2018/4/25 20:00,0.0056,0.01,0.0093,4,1.5,3,0.2612,16,13,9724,45448
2018/4/25 21:00,0.0204,0.0185,0.0188,6,3,4,0.519625,29,29,26246,113120
2018/4/25 22:00,0.0042,0.0084,0.0076,5,1.75,3,0.35515,20,18,5453,22324
2018/4/25 23:00,0.0045,0.0095,0.0086,4,1.5,3,0.604975,1,0,3185,21115
2018/4/26 0:00,0.0017,0.0069,0.0059,3,1,2,0.463425,6,3,1157,7367
2018/4/26 1:00,0.0011,0.0059,0.005,3,1,2,0.297375,0,0,652,1520
2018/4/26 2:00,0.001,0.0057,0.0049,2,1,2,0.2405,0,0,504,650
2018/4/26 3:00,0.0013,0.0059,0.0051,3,1,2,0.2363,0,0,1067,4216
2018/4/26 4:00,4.00E-04,0.0054,0.0045,3,0,2,0.0212,0,0,113,113
2018/4/26 5:00,8.00E-04,0.0055,0.0047,3,0,1,0.0209,1,1,133,208
2018/4/26 6:00,0.0014,0.0073,0.0063,3,0.75,2,0.1163,17,17,1778,26573
2018/4/26 7:00,0.0145,0.0105,0.0112,5,1,3,0.2973,34,33,7847,18460
2018/4/26 8:00,0.0017,0.0061,0.0054,4,0.25,2,0.053525,9,7,2278,3389
2018/4/26 9:00,0.0071,0.0087,0.0084,4,0.75,3,0.1224,11,9,5308,19013
2018/4/26 10:00,0.0016,0.0071,0.0061,3,0.5,2,0.05715,2,2,735,5816
2018/4/26 11:00,0.0011,0.0062,0.0053,3,0,2,0.044225,25,20,389,1487
2018/4/26 12:00,9.00E-04,0.0062,0.0053,4,0,3,0.073925,12,11,825,4361
2018/4/26 13:00,0.006,0.0129,0.0117,4,1,3,0.2371,11,11,6311,65701
2018/4/26 14:00,0.0062,0.0147,0.0132,4,1,3,0.2016,39,39,6396,95913
2018/4/26 15:00,0.0048,0.0358,0.0303,4,1.25,3,0.204575,7,5,8143,187320
2018/4/26 16:00,0.0054,0.0242,0.0208,4,1.25,3,0.218,21,18,9032,236640
2018/4/26 17:00,0.0029,0.0182,0.0155,4,1,3,0.15505,20,16,2481,40003
2018/4/26 18:00,0.0442,0.0173,0.022,5,1,3,0.516925,3,3,61497,133480
2018/4/26 19:00,0.0031,0.0082,0.0073,3,1,2,0.2546,4,4,5418,24725
2018/4/26 20:00,0.0231,0.0146,0.0161,5,1.5,4,0.642475,3,2,59386,101587
2018/4/26 21:00,0.0149,0.0201,0.0192,5,1.5,4,0.447675,8,7,29969,148992
2018/4/26 22:00,0.0161,0.0243,0.0229,5,2.25,3,0.484675,6,6,23605,306460
2018/4/26 23:00,0.0749,0.0124,0.0234,4,1,3,0.9662,1,1,105365,49773
2018/4/27 0:00,5.00E-04,0.0063,0.0052,3,0,2,0.036975,0,0,712,13416
2018/4/27 1:00,3.00E-04,0.0054,0.0045,3,0,1,0.011175,0,0,66,65
2018/4/27 2:00,4.00E-04,0.0054,0.0045,3,0,2,0.02265,0,0,136,232
2018/4/27 3:00,5.00E-04,0.0058,0.0049,3,0.25,2,0.0654,0,0,335,4729
2018/4/27 4:00,4.00E-04,0.0055,0.0046,3,0,2,0.0216,0,0,203,996
2018/4/27 5:00,3.00E-04,0.0054,0.0045,2,0,2,0.0087,0,0,101,110
2018/4/27 6:00,0.0131,0.0099,0.0105,3,0.5,3,0.3632,24,22,35288,51611
2018/4/27 7:00,0.0093,0.0114,0.011,5,1.25,3,0.31945,10,10,22798,40147
2018/4/27 8:00,0.0016,0.0071,0.0061,4,0.75,3,0.1275,11,6,1622,5266
2018/4/27 9:00,0.0027,0.0071,0.0063,5,0.75,3,0.099675,27,25,3252,12505
2018/4/27 10:00,0.0022,0.0071,0.0063,4,0.5,3,0.0694,1,1,2240,11511
2018/4/27 11:00,0.0023,0.0101,0.0087,3,0.25,2,0.10165,0,0,1745,14790
2018/4/27 12:00,0.0021,0.0086,0.0075,4,0.5,3,0.098375,11,10,1108,4834
2018/4/27 13:00,0.0176,0.0332,0.0305,4,1,3,0.2917,11,10,21465,425648
2018/4/27 14:00,0.0226,0.0372,0.0346,4,0,3,0.220125,1,1,37662,92662
2018/4/27 15:00,8.00E-04,0.0068,0.0058,4,0,2,0.020575,0,0,226,2080
2018/4/27 16:00,4.00E-04,0.0057,0.0047,1,0,1,0.0076,4,4,12,101
2018/4/27 17:00,0.0012,0.0062,0.0053,4,0.5,2,0.052775,3,3,506,2140
2018/4/27 18:00,0.0094,0.0157,0.0146,5,1,3,0.181975,6,4,3958,85800
2018/4/27 19:00,0.0016,0.0124,0.0105,5,1,3,0.110475,11,11,1868,88109
2018/4/27 20:00,0.0022,0.0067,0.0059,5,1.25,3,0.144925,28,26,1709,11667
2018/4/27 21:00,0.0092,0.0193,0.0175,7,3.75,5,0.500075,27,23,10855,185461
2018/4/27 22:00,0.0025,0.0075,0.0066,6,2.25,4,0.191175,9,9,2260,24409
2018/4/27 23:00,0.0106,0.0369,0.0322,5,1.75,4,0.36995,6,6,5856,288134
2018/4/28 0:00,5.00E-04,0.0053,0.0045,3,1,2,0.059325,0,0,287,200
2018/4/28 1:00,9.00E-04,0.0056,0.0048,4,1.25,3,0.181025,0,0,562,3155
2018/4/28 2:00,4.00E-04,0.0053,0.0044,3,1,2,0.062625,0,0,255,191
2018/4/28 3:00,4.00E-04,0.0053,0.0044,3,1,2,0.056,0,0,320,535
2018/4/28 4:00,5.00E-04,0.0053,0.0044,5,1.25,2,0.069875,0,0,343,283
2018/4/28 5:00,0.0011,0.0057,0.0049,5,1.25,2,0.08285,5,5,612,1464
2018/4/28 6:00,0.0045,0.008,0.0074,6,2.25,4,0.22505,36,36,4003,30017
2018/4/28 7:00,0.0094,0.0128,0.0122,6,2.25,3,0.32655,31,29,26221,85599
2018/4/28 8:00,0.0068,0.0217,0.0191,7,3,4,0.3401,33,28,8262,82777
2018/4/28 9:00,0.0254,0.0067,0.01,6,1.75,4,0.192325,12,10,17625,5627
2018/4/28 10:00,0.0064,0.0117,0.0107,6,1.5,3,0.209625,29,28,10936,53128
2018/4/28 11:00,0.0104,0.0112,0.011,6,1.5,3,0.190325,46,45,13166,30849
2018/4/28 12:00,0.0045,0.0103,0.0093,8,3.25,4,0.399325,11,8,5710,41441
2018/4/28 13:00,0.0245,0.0354,0.0335,7,3.5,5,0.78215,37,34,21634,272085
2018/4/28 14:00,0.0052,0.0156,0.0137,5,1.5,4,0.1697,13,10,7226,85352
2018/4/28 15:00,0.0032,0.0099,0.0087,5,1,3,0.101075,20,17,1468,41395
2018/4/28 16:00,0.0203,0.0122,0.0136,4,1.25,4,0.43925,18,15,23107,53442
2018/4/28 17:00,0.0151,0.0181,0.0176,6,2,4,0.3456,27,25,15220,136208
2018/4/28 18:00,0.0148,0.0268,0.0247,7,2.75,5,0.7001,32,30,20648,216131
2018/4/28 19:00,0.0035,0.0086,0.0077,7,2.25,4,0.29165,27,24,2848,38887
2018/4/28 20:00,0.0087,0.012,0.0114,9,3.5,4,0.430025,59,56,8797,54780
2018/4/28 21:00,0.0107,0.0236,0.0214,8,4.5,5,0.6813,61,58,15892,252332
2018/4/28 22:00,0.0082,0.0385,0.0331,9,3.25,5,0.5683,44,44,8731,174960
2018/4/28 23:00,0.0045,0.0155,0.0135,6,1.75,4,0.674625,35,35,3253,66076
2018/4/29 0:00,0.0022,0.0065,0.0058,5,1.25,3,0.51245,0,0,1535,8161
2018/4/29 1:00,0.0019,0.0075,0.0065,6,2,3,0.2748,1,1,1947,25979
2018/4/29 2:00,0.0011,0.0056,0.0048,5,1.5,3,0.18645,3,3,644,755
2018/4/29 3:00,0.0011,0.0056,0.0048,4,1.75,3,0.193525,1,1,658,948
2018/4/29 4:00,0.0144,0.0144,0.0144,6,2.5,4,0.472375,1,1,7092,98969
2018/4/29 5:00,0.0018,0.0058,0.0051,6,2,3,0.20565,1,1,1002,2461
2018/4/29 6:00,0.0056,0.0102,0.0094,6,1.75,4,0.283475,33,31,2863,27891
2018/4/29 7:00,0.0105,0.0115,0.0114,6,2.25,4,0.31205,76,76,6032,31218
2018/4/29 8:00,0.0327,0.015,0.0181,7,2.75,4,0.460775,86,84,56918,73559
2018/4/29 9:00,0.0078,0.0216,0.0192,8,2.75,4,0.3435,63,58,6089,151414
2018/4/29 10:00,0.0108,0.0313,0.0277,7,3,5,0.495475,96,94,13304,361960
2018/4/29 11:00,0.0181,0.0227,0.0218,8,2.75,5,0.52595,53,49,21693,238058
2018/4/29 12:00,0.0103,0.0135,0.013,8,3.5,4,1.0891,49,46,12382,70273
2018/4/29 13:00,0.01,0.024,0.0215,7,2.25,3,0.310575,24,22,10959,95099
2018/4/29 14:00,0.0852,0.0591,0.0637,7,2.75,5,0.689525,54,49,81859,329008
2018/4/29 15:00,0.0506,0.0438,0.045,8,2.25,5,0.58435,84,83,72970,279989
2018/4/29 16:00,0.0049,0.0222,0.0192,7,2,4,0.281025,31,28,6646,71441
2018/4/29 17:00,0.0176,0.0122,0.0131,5,1.75,3,0.2482,23,23,18239,71832
2018/4/29 18:00,0.0048,0.0155,0.0136,6,2.25,3,0.228225,31,29,4069,113530
2018/4/29 19:00,0.0164,0.1445,0.122,7,3,4,0.4678,20,17,22225,1168797
2018/4/29 20:00,0.0138,0.0458,0.0401,7,2.75,4,0.444125,18,14,20211,530308
2018/4/29 21:00,0.0068,0.012,0.0111,5,2.25,4,0.2134,29,28,6214,19878
2018/4/29 22:00,0.0083,0.0175,0.0159,6,2.25,4,0.369925,9,9,7558,114612
2018/4/29 23:00,0.0074,0.0342,0.0294,5,1.5,3,0.37845,2,1,9042,139056
2018/4/30 0:00,7.00E-04,0.0054,0.0045,3,0,2,0.0395,0,0,231,204
2018/4/30 1:00,6.00E-04,0.0054,0.0046,3,0.5,2,0.040525,2,1,211,231
2018/4/30 2:00,7.00E-04,0.0058,0.0049,4,0.25,2,0.037625,2,1,199,234
2018/4/30 3:00,6.00E-04,0.0054,0.0045,3,0,2,0.036575,0,0,173,191
2018/4/30 4:00,0.0058,0.0108,0.0099,4,1,2,0.157525,0,0,2910,62982
2018/4/30 5:00,0.0034,0.0085,0.0076,3,0.5,2,0.1141,0,0,2068,28836
2018/4/30 6:00,0.0013,0.007,0.006,5,1,3,0.0835,25,24,1001,9443
2018/4/30 7:00,0.0045,0.0072,0.0067,5,1.25,3,0.123625,15,15,5051,13480
2018/4/30 8:00,0.0105,0.0168,0.0156,6,3,4,0.47725,20,18,13872,122101
2018/4/30 9:00,0.018,0.0135,0.0143,7,3.25,5,0.52955,61,60,17798,50941
2018/4/30 10:00,0.008,0.0172,0.0155,7,3.25,5,0.59615,46,42,11566,156009
2018/4/30 11:00,0.0085,0.0436,0.0374,7,3,4,0.436275,22,21,11524,304831
2018/4/30 12:00,0.0079,0.014,0.0129,7,2.75,4,0.46885,16,15,14767,88096
2018/4/30 13:00,0.0128,0.0124,0.0125,7,2.75,4,0.585575,22,19,18343,75331
2018/4/30 14:00,0.0854,0.0183,0.0302,5,2,4,0.55465,31,29,72211,118526
2018/4/30 15:00,0.0043,0.0084,0.0077,5,2,3,0.19665,14,13,2979,21282
2018/4/30 16:00,0.002,0.0077,0.0067,4,2,3,0.13565,9,9,1912,26038
2018/4/30 17:00,0.0107,0.0174,0.0162,6,2,4,0.429075,20,20,13980,107921
2018/4/30 18:00,0.0093,0.0161,0.0149,6,2.5,4,0.299,35,32,7910,74904
2018/4/30 19:00,0.0066,0.0332,0.0285,6,2.25,4,0.253575,18,15,5828,38255
2018/4/30 20:00,0.0089,0.1058,0.0887,7,2.5,4,0.43255,9,7,7618,138485
2018/4/30 21:00,0.014,0.0538,0.0468,7,3.5,4,0.453675,6,4,11489,219242
2018/4/30 22:00,0.011,0.0259,0.0232,6,2.25,4,0.48945,0,0,8993,221881
2018/4/30 23:00,0.0033,0.009,0.008,4,1.25,3,0.656225,0,0,2683,34640
2018/5/1 0:00,0.002,0.0062,0.0055,4,1,3,0.44065,0,0,1141,6066
2018/5/1 1:00,0.0014,0.0059,0.0051,4,1,2,0.2968,5,3,686,2531
2018/5/1 2:00,0.0012,0.0055,0.0048,4,1,3,0.240475,0,0,488,759
2018/5/1 3:00,0.0012,0.0055,0.0048,4,1,2,0.212075,0,0,447,769
2018/5/1 4:00,0.0011,0.0055,0.0047,4,1,2,0.19205,0,0,360,387
2018/5/1 5:00,0.0057,0.0077,0.0074,5,1.75,4,0.3455,2,1,3047,24174
2018/5/1 6:00,0.0061,0.0116,0.0106,7,3,5,0.4046,5,3,4364,83300
2018/5/1 7:00,0.0047,0.0077,0.0072,6,2.75,4,0.341775,30,30,4568,16572
2018/5/1 8:00,0.0066,0.0231,0.0201,7,2.25,4,0.40825,14,11,8229,139711
2018/5/1 9:00,0.0102,0.0104,0.0104,5,1.5,3,0.344125,62,60,16002,27468
2018/5/1 10:00,0.0014,0.0076,0.0065,4,0.75,3,0.079975,24,19,951,11190
2018/5/1 11:00,0.0048,0.0076,0.0071,4,0.5,2,0.069325,13,8,4943,13010
2018/5/1 12:00,0.0161,0.0091,0.0103,4,1,3,0.110475,11,9,15422,18575
2018/5/1 13:00,0.0038,0.0138,0.0121,5,1.25,4,0.175,32,31,3261,91466
2018/5/1 14:00,0.004,0.0082,0.0075,6,1.5,3,0.2065,16,12,3008,25159
2018/5/1 15:00,0.0023,0.0072,0.0063,4,1.25,3,0.14825,16,14,1873,11615
2018/5/1 16:00,0.0023,0.01,0.0086,5,0.75,2,0.1494,32,31,1904,27416
2018/5/1 17:00,0.0025,0.0068,0.006,5,1,3,0.101475,10,8,1707,11209
2018/5/1 18:00,0.0255,0.0082,0.0113,5,1.25,3,0.218425,7,6,25843,18998
2018/5/1 19:00,0.0039,0.0117,0.0104,5,1.25,3,0.158875,24,21,3218,27871
2018/5/1 20:00,0.0061,0.0174,0.0154,7,2.5,4,0.26715,53,53,4828,66671
2018/5/1 21:00,0.0107,0.0213,0.0194,9,3.75,5,0.623075,29,27,8134,118510
2018/5/1 22:00,0.059,0.0278,0.0333,9,5,6,1.21095,13,10,43945,258514
2018/5/1 23:00,0.0083,0.0158,0.0144,8,4,5,0.469475,10,8,8362,158056
2018/5/2 0:00,0.0034,0.0099,0.0087,5,1.75,3,0.326325,1,1,4350,72689
2018/5/2 1:00,0.002,0.0061,0.0053,4,2,3,0.375325,1,1,1123,3399
2018/5/2 2:00,0.0016,0.0057,0.0049,4,1.75,3,0.291525,1,1,821,1415
2018/5/2 3:00,0.0084,0.007,0.0072,6,2,4,0.3819,2,2,3572,15171
2018/5/2 4:00,0.0159,0.0083,0.0097,5,2,4,0.5192,1,1,5841,26889
2018/5/2 5:00,0.0017,0.0058,0.0051,5,2,3,0.288775,1,1,1437,2474
2018/5/2 6:00,0.0057,0.0144,0.0129,5,2.25,4,0.3784,20,19,8330,159237
2018/5/2 7:00,0.0052,0.0117,0.0105,6,2.5,4,0.41625,34,32,8047,93807
2018/5/2 8:00,0.0431,0.0192,0.0234,7,2.5,4,0.6498,14,12,45097,110322
2018/5/2 9:00,0.0252,0.0158,0.0175,5,1.75,3,0.339475,25,24,29682,147783
2018/5/2 10:00,0.0138,0.0126,0.0128,6,1.25,3,0.226975,46,44,35588,100374
2018/5/2 11:00,0.0052,0.012,0.0108,8,2.5,4,0.273125,34,31,5431,70885
2018/5/2 12:00,0.0094,0.0136,0.0128,7,2.5,5,0.356525,16,15,9345,70087
2018/5/2 13:00,0.0109,0.0102,0.0103,7,2.25,5,0.2998,37,35,10116,41840
2018/5/2 14:00,0.0061,0.0145,0.013,6,2.5,4,0.4049,3,2,9388,139890
2018/5/2 15:00,0.0019,0.0061,0.0054,4,1.5,3,0.105125,15,12,2571,1549
2018/5/2 18:00,0.0115,0.0077,0.0084,6,1.25,3,0.149,57,55,17495,15395
2018/5/2 19:00,0.0058,0.0153,0.0137,7,2.25,4,0.6289,20,18,7073,130671
2018/5/2 20:00,0.02,0.0264,0.0253,8,3.5,5,0.762175,18,16,26924,280713
2018/5/2 21:00,0.0087,0.0211,0.0189,7,3,4,0.81055,24,20,8808,238140
2018/5/2 22:00,0.0278,0.0303,0.0298,6,3,5,0.9531,7,6,14878,339681
2018/5/2 23:00,0.0209,0.0235,0.023,5,2,4,0.637075,2,1,9194,205702
2018/5/3 0:00,0.004,0.0072,0.0067,3,0.75,3,0.179675,0,0,2720,20576
2018/5/3 1:00,8.00E-04,0.0055,0.0047,3,0.25,2,0.067125,0,0,819,1174
2018/5/3 2:00,0.0018,0.0167,0.0141,3,0,2,0.081775,0,0,1075,8283
2018/5/3 3:00,7.00E-04,0.0055,0.0046,3,0.25,2,0.068675,4,4,837,1293
2018/5/3 4:00,0.0015,0.0057,0.005,3,0.75,2,0.099625,0,0,1310,3899
2018/5/3 5:00,0.0019,0.0061,0.0053,4,0.5,3,0.099775,1,0,1414,6653
2018/5/3 6:00,0.0047,0.0084,0.0077,5,1.5,3,0.184475,50,49,2641,28731
2018/5/3 7:00,0.0034,0.0067,0.0061,7,1.25,3,0.146175,67,65,1473,3128
2018/5/3 8:00,0.0025,0.0119,0.0103,5,1,3,0.138625,69,69,2644,48283
2018/5/3 9:00,0.0047,0.0079,0.0073,5,0.75,3,0.17725,76,75,1565,8739
2018/5/3 10:00,0.0101,0.0093,0.0095,7,1.5,3,0.149525,68,64,6049,6509
2018/5/3 11:00,0.0029,0.0093,0.0082,6,1.5,3,0.189125,10,8,2210,15223
2018/5/3 12:00,0.0013,0.0062,0.0054,5,0.75,3,0.074075,15,14,851,2888
2018/5/3 13:00,0.0085,0.0149,0.0137,8,2.5,4,0.47785,14,11,9554,76510
2018/5/3 14:00,0.0063,0.0119,0.0109,8,2.75,4,0.343675,45,42,3586,32151
2018/5/3 15:00,0.0244,0.015,0.0167,8,2.5,5,0.634125,31,26,60564,69439
2018/5/3 16:00,0.0043,0.0072,0.0067,7,2.25,4,0.22245,22,18,2637,5014
2018/5/3 17:00,0.0204,0.0121,0.0136,7,2.75,4,0.471525,15,10,23693,31422
2018/5/3 18:00,0.0104,0.0108,0.0108,7,3.5,4,0.4949,9,5,10462,38225
2018/5/3 19:00,0.009,0.0158,0.0146,9,4.25,6,0.468275,63,61,7637,53621
2018/5/3 20:00,0.0752,0.0302,0.0382,8,3.5,5,0.72555,13,10,41416,70812
2018/5/3 21:00,0.0282,0.118,0.1022,9,3.75,5,0.64575,22,20,16195,331260
2018/5/3 22:00,0.0109,0.0434,0.0376,8,3.25,5,0.51425,1,1,10968,555942
2018/5/3 23:00,0.0025,0.0216,0.0182,4,1,3,0.242275,7,5,4672,330643
2018/5/4 0:00,0.0041,0.0075,0.0069,4,0.75,3,0.174475,1,1,2456,20552
2018/5/4 1:00,0.0134,0.0145,0.0143,4,1,3,0.325575,5,5,7699,104621
2018/5/4 2:00,0.0031,0.0112,0.0098,4,1.25,3,0.134125,3,3,2350,38888
2018/5/4 3:00,0.0024,0.0072,0.0063,4,1,3,0.134475,3,3,1832,13414
2018/5/4 4:00,0.0012,0.0057,0.0049,4,1,2,0.071225,5,5,696,1231
2018/5/4 5:00,0.0068,0.0182,0.0162,5,1.25,4,0.181025,7,7,3067,27066
2018/5/4 6:00,0.0049,0.0079,0.0074,7,2,4,0.338875,28,28,4305,20891
2018/5/4 7:00,0.0057,0.009,0.0084,7,2.25,4,0.2833,44,43,2909,9056
2018/5/4 8:00,0.0025,0.0069,0.0061,6,1.5,4,0.15145,54,51,2326,9147
2018/5/4 9:00,0.0043,0.0076,0.007,4,0.75,2,0.074425,38,35,2788,5383
2018/5/4 10:00,0.0027,0.0065,0.0058,4,0.25,2,0.087775,34,34,1167,7972
2018/5/4 11:00,0.0117,0.0199,0.0184,5,1.75,3,0.3361,57,50,6266,103736
2018/5/4 12:00,0.0032,0.0113,0.0099,5,0.75,4,0.2766,49,46,3702,55998
2018/5/4 13:00,0.0112,0.0122,0.012,6,1.5,3,0.2614,19,19,12112,76869
2018/5/4 14:00,0.0042,0.0085,0.0078,5,1,3,0.196625,74,69,2950,22478
2018/5/4 15:00,0.0139,0.0115,0.0119,5,1,3,0.36425,36,28,21900,66023
2018/5/4 16:00,0.0471,0.0123,0.0184,6,2.5,4,0.58685,12,8,47183,63706
2018/5/4 17:00,0.0109,0.0306,0.0271,9,3.5,5,0.571975,27,23,14389,275539
2018/5/4 18:00,0.0086,0.0117,0.0111,9,4,5,0.561075,70,66,9995,49140
2018/5/4 19:00,0.0166,0.0212,0.0204,8,3.25,4,0.438775,34,33,11425,93903
2018/5/4 20:00,0.0113,0.0131,0.0128,9,3.25,5,0.46715,14,13,15741,60435
2018/5/4 21:00,0.0118,0.0346,0.0306,9,5.25,5,0.728275,38,34,17054,380603
2018/5/4 22:00,0.0279,0.0357,0.0343,11,4.75,6,0.884225,27,24,29124,332957
2018/5/4 23:00,0.0048,0.022,0.0189,6,2.5,4,0.30665,10,10,8679,185953
